after,before,branch,component,dataset,delta,eval_where,grad_norm_preclip,scene,state,update_input
0.3568999767303467,0.36334195733070374,base,maskdistill,scannetpp,-0.006441980600357056,after_on_input,2.8222620487213135,09c1414f1b,theta_base,probe0/m0
0.07136207818984985,0.08102095127105713,base,rkd_sh_d,scannetpp,-0.009658873081207275,after_on_input,2.8222620487213135,09c1414f1b,theta_base,probe0/m0
0.07342173159122467,0.10034972429275513,base,rkd_sh_a,scannetpp,-0.026927992701530457,after_on_input,2.8222620487213135,09c1414f1b,theta_base,probe0/m0
0.00030187793890945613,0.006672761868685484,base,couple,scannetpp,-0.006370883929776028,after_on_input,2.8222620487213135,09c1414f1b,theta_base,probe0/m0
1.503017783164978,1.4637680053710938,base,rel_rot,scannetpp,0.03924977779388428,after_on_input,2.8222620487213135,09c1414f1b,theta_base,probe0/m0
0.8097705841064453,0.871736466884613,base,rel_tdir,scannetpp,-0.061965882778167725,after_on_input,2.8222620487213135,09c1414f1b,theta_base,probe0/m0
0.15137523412704468,0.15665504336357117,base,maskdistill,scannetpp,-0.005279809236526489,after_on_probe0_clean,2.8222620487213135,09c1414f1b,theta_base,probe0/m0
0.019741831347346306,0.020144669339060783,base,rkd_sh_d,scannetpp,-0.00040283799171447754,after_on_probe0_clean,2.8222620487213135,09c1414f1b,theta_base,probe0/m0
0.039514701813459396,0.04291749745607376,base,rkd_sh_a,scannetpp,-0.0034027956426143646,after_on_probe0_clean,2.8222620487213135,09c1414f1b,theta_base,probe0/m0
0.003190844552591443,0.005577106960117817,base,couple,scannetpp,-0.002386262407526374,after_on_probe0_clean,2.8222620487213135,09c1414f1b,theta_base,probe0/m0
0.14802271127700806,0.1501910537481308,base,rel_rot,scannetpp,-0.0021683424711227417,after_on_probe0_clean,2.8222620487213135,09c1414f1b,theta_base,probe0/m0
0.07440362870693207,0.09092119336128235,base,rel_tdir,scannetpp,-0.01651756465435028,after_on_probe0_clean,2.8222620487213135,09c1414f1b,theta_base,probe0/m0
0.35912585258483887,0.36334195733070374,base+R,maskdistill,scannetpp,-0.004216104745864868,after_on_input,8.864675521850586,09c1414f1b,theta_base,probe0/m0
0.07807344943284988,0.08102095127105713,base+R,rkd_sh_d,scannetpp,-0.002947501838207245,after_on_input,8.864675521850586,09c1414f1b,theta_base,probe0/m0
0.09038786590099335,0.10034972429275513,base+R,rkd_sh_a,scannetpp,-0.00996185839176178,after_on_input,8.864675521850586,09c1414f1b,theta_base,probe0/m0
0.00162119057495147,0.006672761868685484,base+R,couple,scannetpp,-0.005051571293734014,after_on_input,8.864675521850586,09c1414f1b,theta_base,probe0/m0
1.3720149993896484,1.4637680053710938,base+R,rel_rot,scannetpp,-0.09175300598144531,after_on_input,8.864675521850586,09c1414f1b,theta_base,probe0/m0
0.849776029586792,0.871736466884613,base+R,rel_tdir,scannetpp,-0.021960437297821045,after_on_input,8.864675521850586,09c1414f1b,theta_base,probe0/m0
0.1529647558927536,0.15665504336357117,base+R,maskdistill,scannetpp,-0.003690287470817566,after_on_probe0_clean,8.864675521850586,09c1414f1b,theta_base,probe0/m0
0.020050063729286194,0.020144669339060783,base+R,rkd_sh_d,scannetpp,-9.460560977458954e-05,after_on_probe0_clean,8.864675521850586,09c1414f1b,theta_base,probe0/m0
0.04089292883872986,0.04291749745607376,base+R,rkd_sh_a,scannetpp,-0.0020245686173439026,after_on_probe0_clean,8.864675521850586,09c1414f1b,theta_base,probe0/m0
0.003879800671711564,0.005577106960117817,base+R,couple,scannetpp,-0.0016973062884062529,after_on_probe0_clean,8.864675521850586,09c1414f1b,theta_base,probe0/m0
0.14813530445098877,0.1501910537481308,base+R,rel_rot,scannetpp,-0.002055749297142029,after_on_probe0_clean,8.864675521850586,09c1414f1b,theta_base,probe0/m0
0.08102288097143173,0.09092119336128235,base+R,rel_tdir,scannetpp,-0.009898312389850616,after_on_probe0_clean,8.864675521850586,09c1414f1b,theta_base,probe0/m0
0.35831451416015625,0.36334195733070374,base+t,maskdistill,scannetpp,-0.005027443170547485,after_on_input,5.692789554595947,09c1414f1b,theta_base,probe0/m0
0.07258351892232895,0.08102095127105713,base+t,rkd_sh_d,scannetpp,-0.00843743234872818,after_on_input,5.692789554595947,09c1414f1b,theta_base,probe0/m0
0.07760732620954514,0.10034972429275513,base+t,rkd_sh_a,scannetpp,-0.02274239808320999,after_on_input,5.692789554595947,09c1414f1b,theta_base,probe0/m0
0.0013375619892030954,0.006672761868685484,base+t,couple,scannetpp,-0.0053351998794823885,after_on_input,5.692789554595947,09c1414f1b,theta_base,probe0/m0
1.5159342288970947,1.4637680053710938,base+t,rel_rot,scannetpp,0.05216622352600098,after_on_input,5.692789554595947,09c1414f1b,theta_base,probe0/m0
0.8163294196128845,0.871736466884613,base+t,rel_tdir,scannetpp,-0.055407047271728516,after_on_input,5.692789554595947,09c1414f1b,theta_base,probe0/m0
0.15158645808696747,0.15665504336357117,base+t,maskdistill,scannetpp,-0.005068585276603699,after_on_probe0_clean,5.692789554595947,09c1414f1b,theta_base,probe0/m0
0.01998307928442955,0.020144669339060783,base+t,rkd_sh_d,scannetpp,-0.00016159005463123322,after_on_probe0_clean,5.692789554595947,09c1414f1b,theta_base,probe0/m0
0.04010767489671707,0.04291749745607376,base+t,rkd_sh_a,scannetpp,-0.0028098225593566895,after_on_probe0_clean,5.692789554595947,09c1414f1b,theta_base,probe0/m0
0.0036620490718632936,0.005577106960117817,base+t,couple,scannetpp,-0.0019150578882545233,after_on_probe0_clean,5.692789554595947,09c1414f1b,theta_base,probe0/m0
0.15054337680339813,0.1501910537481308,base+t,rel_rot,scannetpp,0.000352323055267334,after_on_probe0_clean,5.692789554595947,09c1414f1b,theta_base,probe0/m0
0.07685886323451996,0.09092119336128235,base+t,rel_tdir,scannetpp,-0.01406233012676239,after_on_probe0_clean,5.692789554595947,09c1414f1b,theta_base,probe0/m0
0.35820233821868896,0.36334195733070374,base+R+t,maskdistill,scannetpp,-0.0051396191120147705,after_on_input,10.153404235839844,09c1414f1b,theta_base,probe0/m0
0.07660286873579025,0.08102095127105713,base+R+t,rkd_sh_d,scannetpp,-0.004418082535266876,after_on_input,10.153404235839844,09c1414f1b,theta_base,probe0/m0
0.08641234040260315,0.10034972429275513,base+R+t,rkd_sh_a,scannetpp,-0.013937383890151978,after_on_input,10.153404235839844,09c1414f1b,theta_base,probe0/m0
0.0019904104992747307,0.006672761868685484,base+R+t,couple,scannetpp,-0.004682351369410753,after_on_input,10.153404235839844,09c1414f1b,theta_base,probe0/m0
1.3835080862045288,1.4637680053710938,base+R+t,rel_rot,scannetpp,-0.08025991916656494,after_on_input,10.153404235839844,09c1414f1b,theta_base,probe0/m0
0.8406585454940796,0.871736466884613,base+R+t,rel_tdir,scannetpp,-0.031077921390533447,after_on_input,10.153404235839844,09c1414f1b,theta_base,probe0/m0
0.15198805928230286,0.15665504336357117,base+R+t,maskdistill,scannetpp,-0.0046669840812683105,after_on_probe0_clean,10.153404235839844,09c1414f1b,theta_base,probe0/m0
0.019854536280035973,0.020144669339060783,base+R+t,rkd_sh_d,scannetpp,-0.0002901330590248108,after_on_probe0_clean,10.153404235839844,09c1414f1b,theta_base,probe0/m0
0.039696063846349716,0.04291749745607376,base+R+t,rkd_sh_a,scannetpp,-0.003221433609724045,after_on_probe0_clean,10.153404235839844,09c1414f1b,theta_base,probe0/m0
0.0034379998687654734,0.005577106960117817,base+R+t,couple,scannetpp,-0.0021391070913523436,after_on_probe0_clean,10.153404235839844,09c1414f1b,theta_base,probe0/m0
0.14765527844429016,0.1501910537481308,base+R+t,rel_rot,scannetpp,-0.002535775303840637,after_on_probe0_clean,10.153404235839844,09c1414f1b,theta_base,probe0/m0
0.0753224790096283,0.09092119336128235,base+R+t,rel_tdir,scannetpp,-0.015598714351654053,after_on_probe0_clean,10.153404235839844,09c1414f1b,theta_base,probe0/m0
0.3612857460975647,0.3652417063713074,base,maskdistill,scannetpp,-0.003955960273742676,after_on_input,3.3515207767486572,09c1414f1b,theta_rel,probe0/m0
0.07923692464828491,0.08598043769598007,base,rkd_sh_d,scannetpp,-0.00674351304769516,after_on_input,3.3515207767486572,09c1414f1b,theta_rel,probe0/m0
0.0919484943151474,0.11473047733306885,base,rkd_sh_a,scannetpp,-0.022781983017921448,after_on_input,3.3515207767486572,09c1414f1b,theta_rel,probe0/m0
2.5709703095344594e-06,0.0032981738913804293,base,couple,scannetpp,-0.003295602921070895,after_on_input,3.3515207767486572,09c1414f1b,theta_rel,probe0/m0
1.4195406436920166,1.383392095565796,base,rel_rot,scannetpp,0.0361485481262207,after_on_input,3.3515207767486572,09c1414f1b,theta_rel,probe0/m0
0.855852484703064,0.9134129285812378,base,rel_tdir,scannetpp,-0.05756044387817383,after_on_input,3.3515207767486572,09c1414f1b,theta_rel,probe0/m0
0.152323380112648,0.15434125065803528,base,maskdistill,scannetpp,-0.002017870545387268,after_on_probe0_clean,3.3515207767486572,09c1414f1b,theta_rel,probe0/m0
0.01938173919916153,0.01927369087934494,base,rkd_sh_d,scannetpp,0.00010804831981658936,after_on_probe0_clean,3.3515207767486572,09c1414f1b,theta_rel,probe0/m0
0.04002037271857262,0.041116341948509216,base,rkd_sh_a,scannetpp,-0.0010959692299365997,after_on_probe0_clean,3.3515207767486572,09c1414f1b,theta_rel,probe0/m0
0.004557174630463123,0.0053019290789961815,base,couple,scannetpp,-0.0007447544485330582,after_on_probe0_clean,3.3515207767486572,09c1414f1b,theta_rel,probe0/m0
0.14731465280056,0.14856281876564026,base,rel_rot,scannetpp,-0.0012481659650802612,after_on_probe0_clean,3.3515207767486572,09c1414f1b,theta_rel,probe0/m0
0.07873179763555527,0.08458217978477478,base,rel_tdir,scannetpp,-0.005850382149219513,after_on_probe0_clean,3.3515207767486572,09c1414f1b,theta_rel,probe0/m0
0.36123520135879517,0.3652417063713074,base+R,maskdistill,scannetpp,-0.004006505012512207,after_on_input,8.505209922790527,09c1414f1b,theta_rel,probe0/m0
0.08397214859724045,0.08598043769598007,base+R,rkd_sh_d,scannetpp,-0.002008289098739624,after_on_input,8.505209922790527,09c1414f1b,theta_rel,probe0/m0
0.10663094371557236,0.11473047733306885,base+R,rkd_sh_a,scannetpp,-0.00809953361749649,after_on_input,8.505209922790527,09c1414f1b,theta_rel,probe0/m0
0.00016603025142103434,0.0032981738913804293,base+R,couple,scannetpp,-0.003132143639959395,after_on_input,8.505209922790527,09c1414f1b,theta_rel,probe0/m0
1.2539730072021484,1.383392095565796,base+R,rel_rot,scannetpp,-0.12941908836364746,after_on_input,8.505209922790527,09c1414f1b,theta_rel,probe0/m0
0.8935062289237976,0.9134129285812378,base+R,rel_tdir,scannetpp,-0.019906699657440186,after_on_input,8.505209922790527,09c1414f1b,theta_rel,probe0/m0
0.15162676572799683,0.15434125065803528,base+R,maskdistill,scannetpp,-0.002714484930038452,after_on_probe0_clean,8.505209922790527,09c1414f1b,theta_rel,probe0/m0
0.019718341529369354,0.01927369087934494,base+R,rkd_sh_d,scannetpp,0.00044465065002441406,after_on_probe0_clean,8.505209922790527,09c1414f1b,theta_rel,probe0/m0
0.04014625772833824,0.041116341948509216,base+R,rkd_sh_a,scannetpp,-0.0009700842201709747,after_on_probe0_clean,8.505209922790527,09c1414f1b,theta_rel,probe0/m0
0.00387331354431808,0.0053019290789961815,base+R,couple,scannetpp,-0.0014286155346781015,after_on_probe0_clean,8.505209922790527,09c1414f1b,theta_rel,probe0/m0
0.14485204219818115,0.14856281876564026,base+R,rel_rot,scannetpp,-0.0037107765674591064,after_on_probe0_clean,8.505209922790527,09c1414f1b,theta_rel,probe0/m0
0.07820989191532135,0.08458217978477478,base+R,rel_tdir,scannetpp,-0.00637228786945343,after_on_probe0_clean,8.505209922790527,09c1414f1b,theta_rel,probe0/m0
0.3611457943916321,0.3652417063713074,base+t,maskdistill,scannetpp,-0.004095911979675293,after_on_input,7.497017860412598,09c1414f1b,theta_rel,probe0/m0
0.07642970979213715,0.08598043769598007,base+t,rkd_sh_d,scannetpp,-0.009550727903842926,after_on_input,7.497017860412598,09c1414f1b,theta_rel,probe0/m0
0.08511818945407867,0.11473047733306885,base+t,rkd_sh_a,scannetpp,-0.029612287878990173,after_on_input,7.497017860412598,09c1414f1b,theta_rel,probe0/m0
9.050322842085734e-05,0.0032981738913804293,base+t,couple,scannetpp,-0.003207670662959572,after_on_input,7.497017860412598,09c1414f1b,theta_rel,probe0/m0
1.4610917568206787,1.383392095565796,base+t,rel_rot,scannetpp,0.07769966125488281,after_on_input,7.497017860412598,09c1414f1b,theta_rel,probe0/m0
0.8395092487335205,0.9134129285812378,base+t,rel_tdir,scannetpp,-0.07390367984771729,after_on_input,7.497017860412598,09c1414f1b,theta_rel,probe0/m0
0.15315794944763184,0.15434125065803528,base+t,maskdistill,scannetpp,-0.0011833012104034424,after_on_probe0_clean,7.497017860412598,09c1414f1b,theta_rel,probe0/m0
0.020079247653484344,0.01927369087934494,base+t,rkd_sh_d,scannetpp,0.0008055567741394043,after_on_probe0_clean,7.497017860412598,09c1414f1b,theta_rel,probe0/m0
0.04150884598493576,0.041116341948509216,base+t,rkd_sh_a,scannetpp,0.0003925040364265442,after_on_probe0_clean,7.497017860412598,09c1414f1b,theta_rel,probe0/m0
0.004899740219116211,0.0053019290789961815,base+t,couple,scannetpp,-0.00040218885987997055,after_on_probe0_clean,7.497017860412598,09c1414f1b,theta_rel,probe0/m0
0.147786483168602,0.14856281876564026,base+t,rel_rot,scannetpp,-0.000776335597038269,after_on_probe0_clean,7.497017860412598,09c1414f1b,theta_rel,probe0/m0
0.08429962396621704,0.08458217978477478,base+t,rel_tdir,scannetpp,-0.00028255581855773926,after_on_probe0_clean,7.497017860412598,09c1414f1b,theta_rel,probe0/m0
0.3608204126358032,0.3652417063713074,base+R+t,maskdistill,scannetpp,-0.00442129373550415,after_on_input,10.70867919921875,09c1414f1b,theta_rel,probe0/m0
0.08176424354314804,0.08598043769598007,base+R+t,rkd_sh_d,scannetpp,-0.004216194152832031,after_on_input,10.70867919921875,09c1414f1b,theta_rel,probe0/m0
0.09852439165115356,0.11473047733306885,base+R+t,rkd_sh_a,scannetpp,-0.016206085681915283,after_on_input,10.70867919921875,09c1414f1b,theta_rel,probe0/m0
2.9353143418120453e-06,0.0032981738913804293,base+R+t,couple,scannetpp,-0.0032952385770386172,after_on_input,10.70867919921875,09c1414f1b,theta_rel,probe0/m0
1.263048529624939,1.383392095565796,base+R+t,rel_rot,scannetpp,-0.12034356594085693,after_on_input,10.70867919921875,09c1414f1b,theta_rel,probe0/m0
0.8743306398391724,0.9134129285812378,base+R+t,rel_tdir,scannetpp,-0.03908228874206543,after_on_input,10.70867919921875,09c1414f1b,theta_rel,probe0/m0
0.15057824552059174,0.15434125065803528,base+R+t,maskdistill,scannetpp,-0.0037630051374435425,after_on_probe0_clean,10.70867919921875,09c1414f1b,theta_rel,probe0/m0
0.019829245284199715,0.01927369087934494,base+R+t,rkd_sh_d,scannetpp,0.0005555544048547745,after_on_probe0_clean,10.70867919921875,09c1414f1b,theta_rel,probe0/m0
0.039381690323352814,0.041116341948509216,base+R+t,rkd_sh_a,scannetpp,-0.0017346516251564026,after_on_probe0_clean,10.70867919921875,09c1414f1b,theta_rel,probe0/m0
0.0036274611484259367,0.0053019290789961815,base+R+t,couple,scannetpp,-0.0016744679305702448,after_on_probe0_clean,10.70867919921875,09c1414f1b,theta_rel,probe0/m0
0.1456831395626068,0.14856281876564026,base+R+t,rel_rot,scannetpp,-0.0028796792030334473,after_on_probe0_clean,10.70867919921875,09c1414f1b,theta_rel,probe0/m0
0.07393597811460495,0.08458217978477478,base+R+t,rel_tdir,scannetpp,-0.01064620167016983,after_on_probe0_clean,10.70867919921875,09c1414f1b,theta_rel,probe0/m0
0.15034176409244537,0.15074670314788818,base,maskdistill,scannetpp,-0.00040493905544281006,after_on_input,0.03955439105629921,1ada7a0617,theta_base,probe0/m0
2.9797870411130134e-06,2.9290481506905053e-06,base,rkd_sh_d,scannetpp,5.073889042250812e-08,after_on_input,0.03955439105629921,1ada7a0617,theta_base,probe0/m0
5.516400415217504e-05,5.6394957937300205e-05,base,rkd_sh_a,scannetpp,-1.2309537851251662e-06,after_on_input,0.03955439105629921,1ada7a0617,theta_base,probe0/m0
0.00015605753287672997,0.00018554064445197582,base,couple,scannetpp,-2.9483111575245857e-05,after_on_input,0.03955439105629921,1ada7a0617,theta_base,probe0/m0
5.7009099691640586e-05,5.507106470759027e-05,base,rel_rot,scannetpp,1.9380349840503186e-06,after_on_input,0.03955439105629921,1ada7a0617,theta_base,probe0/m0
0.0005834599724039435,0.0005900065298192203,base,rel_tdir,scannetpp,-6.546557415276766e-06,after_on_input,0.03955439105629921,1ada7a0617,theta_base,probe0/m0
0.007361093070358038,0.007405146025121212,base,maskdistill,scannetpp,-4.405295476317406e-05,after_on_probe0_clean,0.03955439105629921,1ada7a0617,theta_base,probe0/m0
5.556743417400867e-06,4.334074674261501e-06,base,rkd_sh_d,scannetpp,1.2226687431393657e-06,after_on_probe0_clean,0.03955439105629921,1ada7a0617,theta_base,probe0/m0
1.2203908227093052e-05,9.452873200643808e-06,base,rkd_sh_a,scannetpp,2.7510350264492445e-06,after_on_probe0_clean,0.03955439105629921,1ada7a0617,theta_base,probe0/m0
1.8074069885187782e-05,1.9375869669602253e-05,base,couple,scannetpp,-1.3017997844144702e-06,after_on_probe0_clean,0.03955439105629921,1ada7a0617,theta_base,probe0/m0
3.781468330998905e-05,4.3716740037780255e-05,base,rel_rot,scannetpp,-5.902056727791205e-06,after_on_probe0_clean,0.03955439105629921,1ada7a0617,theta_base,probe0/m0
0.00013390183448791504,0.0001138448715209961,base,rel_tdir,scannetpp,2.0056962966918945e-05,after_on_probe0_clean,0.03955439105629921,1ada7a0617,theta_base,probe0/m0
0.15037402510643005,0.15074670314788818,base+R,maskdistill,scannetpp,-0.0003726780414581299,after_on_input,0.03929935768246651,1ada7a0617,theta_base,probe0/m0
4.758097475132672e-06,2.9290481506905053e-06,base+R,rkd_sh_d,scannetpp,1.8290493244421668e-06,after_on_input,0.03929935768246651,1ada7a0617,theta_base,probe0/m0
5.980278001516126e-05,5.6394957937300205e-05,base+R,rkd_sh_a,scannetpp,3.4078220778610557e-06,after_on_input,0.03929935768246651,1ada7a0617,theta_base,probe0/m0
0.0001589088496984914,0.00018554064445197582,base+R,couple,scannetpp,-2.6631794753484428e-05,after_on_input,0.03929935768246651,1ada7a0617,theta_base,probe0/m0
4.9522284825798124e-05,5.507106470759027e-05,base+R,rel_rot,scannetpp,-5.548779881792143e-06,after_on_input,0.03929935768246651,1ada7a0617,theta_base,probe0/m0
0.0006110867252573371,0.0005900065298192203,base+R,rel_tdir,scannetpp,2.108019543811679e-05,after_on_input,0.03929935768246651,1ada7a0617,theta_base,probe0/m0
0.007372906431555748,0.007405146025121212,base+R,maskdistill,scannetpp,-3.223959356546402e-05,after_on_probe0_clean,0.03929935768246651,1ada7a0617,theta_base,probe0/m0
6.772154847567435e-06,4.334074674261501e-06,base+R,rkd_sh_d,scannetpp,2.4380801733059343e-06,after_on_probe0_clean,0.03929935768246651,1ada7a0617,theta_base,probe0/m0
1.0538691640249453e-05,9.452873200643808e-06,base+R,rkd_sh_a,scannetpp,1.0858184396056458e-06,after_on_probe0_clean,0.03929935768246651,1ada7a0617,theta_base,probe0/m0
1.692035402811598e-05,1.9375869669602253e-05,base+R,couple,scannetpp,-2.4555156414862722e-06,after_on_probe0_clean,0.03929935768246651,1ada7a0617,theta_base,probe0/m0
3.894024121109396e-05,4.3716740037780255e-05,base+R,rel_rot,scannetpp,-4.776498826686293e-06,after_on_probe0_clean,0.03929935768246651,1ada7a0617,theta_base,probe0/m0
0.00012468299246393144,0.0001138448715209961,base+R,rel_tdir,scannetpp,1.0838120942935348e-05,after_on_probe0_clean,0.03929935768246651,1ada7a0617,theta_base,probe0/m0
0.1503823697566986,0.15074670314788818,base+t,maskdistill,scannetpp,-0.0003643333911895752,after_on_input,0.042034830898046494,1ada7a0617,theta_base,probe0/m0
4.343398359196726e-06,2.9290481506905053e-06,base+t,rkd_sh_d,scannetpp,1.414350208506221e-06,after_on_input,0.042034830898046494,1ada7a0617,theta_base,probe0/m0
5.517911267816089e-05,5.6394957937300205e-05,base+t,rkd_sh_a,scannetpp,-1.2158452591393143e-06,after_on_input,0.042034830898046494,1ada7a0617,theta_base,probe0/m0
0.0001945224212249741,0.00018554064445197582,base+t,couple,scannetpp,8.981776772998273e-06,after_on_input,0.042034830898046494,1ada7a0617,theta_base,probe0/m0
5.693536877515726e-05,5.507106470759027e-05,base+t,rel_rot,scannetpp,1.8643040675669909e-06,after_on_input,0.042034830898046494,1ada7a0617,theta_base,probe0/m0
0.0005879303207620978,0.0005900065298192203,base+t,rel_tdir,scannetpp,-2.076209057122469e-06,after_on_input,0.042034830898046494,1ada7a0617,theta_base,probe0/m0
0.007360330782830715,0.007405146025121212,base+t,maskdistill,scannetpp,-4.4815242290496826e-05,after_on_probe0_clean,0.042034830898046494,1ada7a0617,theta_base,probe0/m0
4.649946276913397e-06,4.334074674261501e-06,base+t,rkd_sh_d,scannetpp,3.1587160265189596e-07,after_on_probe0_clean,0.042034830898046494,1ada7a0617,theta_base,probe0/m0
1.1344865924911574e-05,9.452873200643808e-06,base+t,rkd_sh_a,scannetpp,1.8919927242677659e-06,after_on_probe0_clean,0.042034830898046494,1ada7a0617,theta_base,probe0/m0
1.361261365673272e-05,1.9375869669602253e-05,base+t,couple,scannetpp,-5.763256012869533e-06,after_on_probe0_clean,0.042034830898046494,1ada7a0617,theta_base,probe0/m0
3.9359740185318515e-05,4.3716740037780255e-05,base+t,rel_rot,scannetpp,-4.35699985246174e-06,after_on_probe0_clean,0.042034830898046494,1ada7a0617,theta_base,probe0/m0
0.00013819336891174316,0.0001138448715209961,base+t,rel_tdir,scannetpp,2.434849739074707e-05,after_on_probe0_clean,0.042034830898046494,1ada7a0617,theta_base,probe0/m0
0.15031687915325165,0.15074670314788818,base+R+t,maskdistill,scannetpp,-0.00042982399463653564,after_on_input,0.04190737381577492,1ada7a0617,theta_base,probe0/m0
4.789314516528975e-06,2.9290481506905053e-06,base+R+t,rkd_sh_d,scannetpp,1.86026636583847e-06,after_on_input,0.04190737381577492,1ada7a0617,theta_base,probe0/m0
5.817618512082845e-05,5.6394957937300205e-05,base+R+t,rkd_sh_a,scannetpp,1.7812271835282445e-06,after_on_input,0.04190737381577492,1ada7a0617,theta_base,probe0/m0
0.00016824797785375267,0.00018554064445197582,base+R+t,couple,scannetpp,-1.729266659822315e-05,after_on_input,0.04190737381577492,1ada7a0617,theta_base,probe0/m0
4.860667104367167e-05,5.507106470759027e-05,base+R+t,rel_rot,scannetpp,-6.4643936639185995e-06,after_on_input,0.04190737381577492,1ada7a0617,theta_base,probe0/m0
0.0005829533329233527,0.0005900065298192203,base+R+t,rel_tdir,scannetpp,-7.053196895867586e-06,after_on_input,0.04190737381577492,1ada7a0617,theta_base,probe0/m0
0.007422519847750664,0.007405146025121212,base+R+t,maskdistill,scannetpp,1.7373822629451752e-05,after_on_probe0_clean,0.04190737381577492,1ada7a0617,theta_base,probe0/m0
5.01179556522402e-06,4.334074674261501e-06,base+R+t,rkd_sh_d,scannetpp,6.777208909625188e-07,after_on_probe0_clean,0.04190737381577492,1ada7a0617,theta_base,probe0/m0
9.0903395175701e-06,9.452873200643808e-06,base+R+t,rkd_sh_a,scannetpp,-3.625336830737069e-07,after_on_probe0_clean,0.04190737381577492,1ada7a0617,theta_base,probe0/m0
1.6642003174638376e-05,1.9375869669602253e-05,base+R+t,couple,scannetpp,-2.733866494963877e-06,after_on_probe0_clean,0.04190737381577492,1ada7a0617,theta_base,probe0/m0
4.047023685416207e-05,4.3716740037780255e-05,base+R+t,rel_rot,scannetpp,-3.246503183618188e-06,after_on_probe0_clean,0.04190737381577492,1ada7a0617,theta_base,probe0/m0
0.00011902054393431172,0.0001138448715209961,base+R+t,rel_tdir,scannetpp,5.175672413315624e-06,after_on_probe0_clean,0.04190737381577492,1ada7a0617,theta_base,probe0/m0
0.1489851474761963,0.14973367750644684,base,maskdistill,scannetpp,-0.0007485300302505493,after_on_input,0.033351268619298935,1ada7a0617,theta_rel,probe0/m0
2.430441554679419e-06,4.278642336430494e-06,base,rkd_sh_d,scannetpp,-1.8482007817510748e-06,after_on_input,0.033351268619298935,1ada7a0617,theta_rel,probe0/m0
5.4355463362298906e-05,7.033658039290458e-05,base,rkd_sh_a,scannetpp,-1.5981117030605674e-05,after_on_input,0.033351268619298935,1ada7a0617,theta_rel,probe0/m0
0.0001813524286262691,0.000172170257428661,base,couple,scannetpp,9.182171197608113e-06,after_on_input,0.033351268619298935,1ada7a0617,theta_rel,probe0/m0
4.929955684929155e-05,4.4957858335692436e-05,base,rel_rot,scannetpp,4.341698513599113e-06,after_on_input,0.033351268619298935,1ada7a0617,theta_rel,probe0/m0
0.0005389153957366943,0.0006142159691080451,base,rel_tdir,scannetpp,-7.530057337135077e-05,after_on_input,0.033351268619298935,1ada7a0617,theta_rel,probe0/m0
0.00740957073867321,0.007366379722952843,base,maskdistill,scannetpp,4.319101572036743e-05,after_on_probe0_clean,0.033351268619298935,1ada7a0617,theta_rel,probe0/m0
4.202983291179407e-06,3.831192771031056e-06,base,rkd_sh_d,scannetpp,3.717905201483518e-07,after_on_probe0_clean,0.033351268619298935,1ada7a0617,theta_rel,probe0/m0
9.85729548119707e-06,1.2094478734070435e-05,base,rkd_sh_a,scannetpp,-2.237183252873365e-06,after_on_probe0_clean,0.033351268619298935,1ada7a0617,theta_rel,probe0/m0
2.7271387807559222e-05,2.3671034796279855e-05,base,couple,scannetpp,3.600353011279367e-06,after_on_probe0_clean,0.033351268619298935,1ada7a0617,theta_rel,probe0/m0
6.475077680079266e-05,6.706541171297431e-05,base,rel_rot,scannetpp,-2.3146349121816456e-06,after_on_probe0_clean,0.033351268619298935,1ada7a0617,theta_rel,probe0/m0
0.00011914968490600586,0.00014022986579220742,base,rel_tdir,scannetpp,-2.108018088620156e-05,after_on_probe0_clean,0.033351268619298935,1ada7a0617,theta_rel,probe0/m0
0.1489804983139038,0.14973367750644684,base+R,maskdistill,scannetpp,-0.0007531791925430298,after_on_input,0.03350291773676872,1ada7a0617,theta_rel,probe0/m0
4.19222214986803e-06,4.278642336430494e-06,base+R,rkd_sh_d,scannetpp,-8.642018656246364e-08,after_on_input,0.03350291773676872,1ada7a0617,theta_rel,probe0/m0
5.467640585266054e-05,7.033658039290458e-05,base+R,rkd_sh_a,scannetpp,-1.5660174540244043e-05,after_on_input,0.03350291773676872,1ada7a0617,theta_rel,probe0/m0
0.00019447586964815855,0.000172170257428661,base+R,couple,scannetpp,2.230561221949756e-05,after_on_input,0.03350291773676872,1ada7a0617,theta_rel,probe0/m0
4.477369657251984e-05,4.4957858335692436e-05,base+R,rel_rot,scannetpp,-1.841617631725967e-07,after_on_input,0.03350291773676872,1ada7a0617,theta_rel,probe0/m0
0.0005403558607213199,0.0006142159691080451,base+R,rel_tdir,scannetpp,-7.386010838672519e-05,after_on_input,0.03350291773676872,1ada7a0617,theta_rel,probe0/m0
0.007391275838017464,0.007366379722952843,base+R,maskdistill,scannetpp,2.489611506462097e-05,after_on_probe0_clean,0.03350291773676872,1ada7a0617,theta_rel,probe0/m0
6.010335255268728e-06,3.831192771031056e-06,base+R,rkd_sh_d,scannetpp,2.1791424842376728e-06,after_on_probe0_clean,0.03350291773676872,1ada7a0617,theta_rel,probe0/m0
1.3789132935926318e-05,1.2094478734070435e-05,base+R,rkd_sh_a,scannetpp,1.694654201855883e-06,after_on_probe0_clean,0.03350291773676872,1ada7a0617,theta_rel,probe0/m0
2.7211655833525583e-05,2.3671034796279855e-05,base+R,couple,scannetpp,3.540621037245728e-06,after_on_probe0_clean,0.03350291773676872,1ada7a0617,theta_rel,probe0/m0
6.761205440852791e-05,6.706541171297431e-05,base+R,rel_rot,scannetpp,5.466426955536008e-07,after_on_probe0_clean,0.03350291773676872,1ada7a0617,theta_rel,probe0/m0
0.00013982257223688066,0.00014022986579220742,base+R,rel_tdir,scannetpp,-4.072935553267598e-07,after_on_probe0_clean,0.03350291773676872,1ada7a0617,theta_rel,probe0/m0
0.14899186789989471,0.14973367750644684,base+t,maskdistill,scannetpp,-0.000741809606552124,after_on_input,0.03341514244675636,1ada7a0617,theta_rel,probe0/m0
2.2460890249931253e-06,4.278642336430494e-06,base+t,rkd_sh_d,scannetpp,-2.0325533114373684e-06,after_on_input,0.03341514244675636,1ada7a0617,theta_rel,probe0/m0
3.574790753191337e-05,7.033658039290458e-05,base+t,rkd_sh_a,scannetpp,-3.458867286099121e-05,after_on_input,0.03341514244675636,1ada7a0617,theta_rel,probe0/m0
0.0002004188863793388,0.000172170257428661,base+t,couple,scannetpp,2.8248628950677812e-05,after_on_input,0.03341514244675636,1ada7a0617,theta_rel,probe0/m0
5.03760929859709e-05,4.4957858335692436e-05,base+t,rel_rot,scannetpp,5.418234650278464e-06,after_on_input,0.03341514244675636,1ada7a0617,theta_rel,probe0/m0
0.0004081229562871158,0.0006142159691080451,base+t,rel_tdir,scannetpp,-0.0002060930128209293,after_on_input,0.03341514244675636,1ada7a0617,theta_rel,probe0/m0
0.0073874820955097675,0.007366379722952843,base+t,maskdistill,scannetpp,2.110237255692482e-05,after_on_probe0_clean,0.03341514244675636,1ada7a0617,theta_rel,probe0/m0
4.141912540944759e-06,3.831192771031056e-06,base+t,rkd_sh_d,scannetpp,3.107197699137032e-07,after_on_probe0_clean,0.03341514244675636,1ada7a0617,theta_rel,probe0/m0
1.1385886864445638e-05,1.2094478734070435e-05,base+t,rkd_sh_a,scannetpp,-7.085918696247973e-07,after_on_probe0_clean,0.03341514244675636,1ada7a0617,theta_rel,probe0/m0
2.0134577425778843e-05,2.3671034796279855e-05,base+t,couple,scannetpp,-3.5364573705010116e-06,after_on_probe0_clean,0.03341514244675636,1ada7a0617,theta_rel,probe0/m0
6.836632383055985e-05,6.706541171297431e-05,base+t,rel_rot,scannetpp,1.3009121175855398e-06,after_on_probe0_clean,0.03341514244675636,1ada7a0617,theta_rel,probe0/m0
0.00014519691467285156,0.00014022986579220742,base+t,rel_tdir,scannetpp,4.967048880644143e-06,after_on_probe0_clean,0.03341514244675636,1ada7a0617,theta_rel,probe0/m0
0.14899267256259918,0.14973367750644684,base+R+t,maskdistill,scannetpp,-0.0007410049438476562,after_on_input,0.03352697193622589,1ada7a0617,theta_rel,probe0/m0
2.379772013227921e-06,4.278642336430494e-06,base+R+t,rkd_sh_d,scannetpp,-1.8988703232025728e-06,after_on_input,0.03352697193622589,1ada7a0617,theta_rel,probe0/m0
3.809429472312331e-05,7.033658039290458e-05,base+R+t,rkd_sh_a,scannetpp,-3.224228566978127e-05,after_on_input,0.03352697193622589,1ada7a0617,theta_rel,probe0/m0
0.00018007362086791545,0.000172170257428661,base+R+t,couple,scannetpp,7.903363439254463e-06,after_on_input,0.03352697193622589,1ada7a0617,theta_rel,probe0/m0
4.503897071117535e-05,4.4957858335692436e-05,base+R+t,rel_rot,scannetpp,8.111237548291683e-08,after_on_input,0.03352697193622589,1ada7a0617,theta_rel,probe0/m0
0.0004448890686035156,0.0006142159691080451,base+R+t,rel_tdir,scannetpp,-0.00016932690050452948,after_on_input,0.03352697193622589,1ada7a0617,theta_rel,probe0/m0
0.00737890787422657,0.007366379722952843,base+R+t,maskdistill,scannetpp,1.2528151273727417e-05,after_on_probe0_clean,0.03352697193622589,1ada7a0617,theta_rel,probe0/m0
4.846524916501949e-06,3.831192771031056e-06,base+R+t,rkd_sh_d,scannetpp,1.015332145470893e-06,after_on_probe0_clean,0.03352697193622589,1ada7a0617,theta_rel,probe0/m0
9.434005733055528e-06,1.2094478734070435e-05,base+R+t,rkd_sh_a,scannetpp,-2.660473001014907e-06,after_on_probe0_clean,0.03352697193622589,1ada7a0617,theta_rel,probe0/m0
1.8284494217368774e-05,2.3671034796279855e-05,base+R+t,couple,scannetpp,-5.386540578911081e-06,after_on_probe0_clean,0.03352697193622589,1ada7a0617,theta_rel,probe0/m0
6.149621185613796e-05,6.706541171297431e-05,base+R+t,rel_rot,scannetpp,-5.569199856836349e-06,after_on_probe0_clean,0.03352697193622589,1ada7a0617,theta_rel,probe0/m0
0.00011763970542233437,0.00014022986579220742,base+R+t,rel_tdir,scannetpp,-2.2590160369873047e-05,after_on_probe0_clean,0.03352697193622589,1ada7a0617,theta_rel,probe0/m0
0.1786578744649887,0.181751549243927,base,maskdistill,scannetpp,-0.0030936747789382935,after_on_input,0.1403796374797821,21d970d8de,theta_base,probe0/m0
0.00012294421321712434,0.00019300109124742448,base,rkd_sh_d,scannetpp,-7.005687803030014e-05,after_on_input,0.1403796374797821,21d970d8de,theta_base,probe0/m0
0.0014357202453538775,0.0019084460800513625,base,rkd_sh_a,scannetpp,-0.00047272583469748497,after_on_input,0.1403796374797821,21d970d8de,theta_base,probe0/m0
0.0006181260105222464,0.0009966151556000113,base,couple,scannetpp,-0.000378489145077765,after_on_input,0.1403796374797821,21d970d8de,theta_base,probe0/m0
0.00033515747054480016,0.0004867275129072368,base,rel_rot,scannetpp,-0.00015157004236243665,after_on_input,0.1403796374797821,21d970d8de,theta_base,probe0/m0
0.0017900964012369514,0.0023400387726724148,base,rel_tdir,scannetpp,-0.0005499423714354634,after_on_input,0.1403796374797821,21d970d8de,theta_base,probe0/m0
0.024682089686393738,0.024779196828603745,base,maskdistill,scannetpp,-9.710714221000671e-05,after_on_probe0_clean,0.1403796374797821,21d970d8de,theta_base,probe0/m0
0.00011609194189077243,0.00013217132072895765,base,rkd_sh_d,scannetpp,-1.607937883818522e-05,after_on_probe0_clean,0.1403796374797821,21d970d8de,theta_base,probe0/m0
0.0007480330532416701,0.0009472317760810256,base,rkd_sh_a,scannetpp,-0.00019919872283935547,after_on_probe0_clean,0.1403796374797821,21d970d8de,theta_base,probe0/m0
4.686922238761326e-06,9.432110346097033e-06,base,couple,scannetpp,-4.745188107335707e-06,after_on_probe0_clean,0.1403796374797821,21d970d8de,theta_base,probe0/m0
7.203814311651513e-05,6.190250860527158e-05,base,rel_rot,scannetpp,1.0135634511243552e-05,after_on_probe0_clean,0.1403796374797821,21d970d8de,theta_base,probe0/m0
0.0010122358798980713,0.0012543698539957404,base,rel_tdir,scannetpp,-0.00024213397409766912,after_on_probe0_clean,0.1403796374797821,21d970d8de,theta_base,probe0/m0
0.17850495874881744,0.181751549243927,base+R,maskdistill,scannetpp,-0.003246590495109558,after_on_input,0.1452348679304123,21d970d8de,theta_base,probe0/m0
0.0001348043733742088,0.00019300109124742448,base+R,rkd_sh_d,scannetpp,-5.8196717873215675e-05,after_on_input,0.1452348679304123,21d970d8de,theta_base,probe0/m0
0.0015097621362656355,0.0019084460800513625,base+R,rkd_sh_a,scannetpp,-0.000398683943785727,after_on_input,0.1452348679304123,21d970d8de,theta_base,probe0/m0
0.0006032179808244109,0.0009966151556000113,base+R,couple,scannetpp,-0.00039339717477560043,after_on_input,0.1452348679304123,21d970d8de,theta_base,probe0/m0
0.0003138676402159035,0.0004867275129072368,base+R,rel_rot,scannetpp,-0.0001728598726913333,after_on_input,0.1452348679304123,21d970d8de,theta_base,probe0/m0
0.0018704136600717902,0.0023400387726724148,base+R,rel_tdir,scannetpp,-0.00046962511260062456,after_on_input,0.1452348679304123,21d970d8de,theta_base,probe0/m0
0.024708081036806107,0.024779196828603745,base+R,maskdistill,scannetpp,-7.111579179763794e-05,after_on_probe0_clean,0.1452348679304123,21d970d8de,theta_base,probe0/m0
0.00012176940072095022,0.00013217132072895765,base+R,rkd_sh_d,scannetpp,-1.0401920008007437e-05,after_on_probe0_clean,0.1452348679304123,21d970d8de,theta_base,probe0/m0
0.0007444580551236868,0.0009472317760810256,base+R,rkd_sh_a,scannetpp,-0.0002027737209573388,after_on_probe0_clean,0.1452348679304123,21d970d8de,theta_base,probe0/m0
5.900371888856171e-06,9.432110346097033e-06,base+R,couple,scannetpp,-3.5317384572408628e-06,after_on_probe0_clean,0.1452348679304123,21d970d8de,theta_base,probe0/m0
8.697200973983854e-05,6.190250860527158e-05,base+R,rel_rot,scannetpp,2.5069501134566963e-05,after_on_probe0_clean,0.1452348679304123,21d970d8de,theta_base,probe0/m0
0.0010227164020761847,0.0012543698539957404,base+R,rel_tdir,scannetpp,-0.00023165345191955566,after_on_probe0_clean,0.1452348679304123,21d970d8de,theta_base,probe0/m0
0.17887398600578308,0.181751549243927,base+t,maskdistill,scannetpp,-0.002877563238143921,after_on_input,0.16490736603736877,21d970d8de,theta_base,probe0/m0
0.00011376983457012102,0.00019300109124742448,base+t,rkd_sh_d,scannetpp,-7.923125667730346e-05,after_on_input,0.16490736603736877,21d970d8de,theta_base,probe0/m0
0.0013461941853165627,0.0019084460800513625,base+t,rkd_sh_a,scannetpp,-0.0005622518947347999,after_on_input,0.16490736603736877,21d970d8de,theta_base,probe0/m0
0.0006020093569532037,0.0009966151556000113,base+t,couple,scannetpp,-0.00039460579864680767,after_on_input,0.16490736603736877,21d970d8de,theta_base,probe0/m0
0.00032501245732419193,0.0004867275129072368,base+t,rel_rot,scannetpp,-0.0001617150555830449,after_on_input,0.16490736603736877,21d970d8de,theta_base,probe0/m0
0.0016760628204792738,0.0023400387726724148,base+t,rel_tdir,scannetpp,-0.000663975952193141,after_on_input,0.16490736603736877,21d970d8de,theta_base,probe0/m0
0.02468886226415634,0.024779196828603745,base+t,maskdistill,scannetpp,-9.033456444740295e-05,after_on_probe0_clean,0.16490736603736877,21d970d8de,theta_base,probe0/m0
0.00012128794332966208,0.00013217132072895765,base+t,rkd_sh_d,scannetpp,-1.0883377399295568e-05,after_on_probe0_clean,0.16490736603736877,21d970d8de,theta_base,probe0/m0
0.000782299495767802,0.0009472317760810256,base+t,rkd_sh_a,scannetpp,-0.0001649322803132236,after_on_probe0_clean,0.16490736603736877,21d970d8de,theta_base,probe0/m0
7.241885668918258e-06,9.432110346097033e-06,base+t,couple,scannetpp,-2.190224677178776e-06,after_on_probe0_clean,0.16490736603736877,21d970d8de,theta_base,probe0/m0
8.342815999640152e-05,6.190250860527158e-05,base+t,rel_rot,scannetpp,2.152565139112994e-05,after_on_probe0_clean,0.16490736603736877,21d970d8de,theta_base,probe0/m0
0.0010647674789652228,0.0012543698539957404,base+t,rel_tdir,scannetpp,-0.00018960237503051758,after_on_probe0_clean,0.16490736603736877,21d970d8de,theta_base,probe0/m0
0.17879220843315125,0.181751549243927,base+R+t,maskdistill,scannetpp,-0.002959340810775757,after_on_input,0.16854898631572723,21d970d8de,theta_base,probe0/m0
0.00012336691725067794,0.00019300109124742448,base+R+t,rkd_sh_d,scannetpp,-6.963417399674654e-05,after_on_input,0.16854898631572723,21d970d8de,theta_base,probe0/m0
0.0013943153899163008,0.0019084460800513625,base+R+t,rkd_sh_a,scannetpp,-0.0005141306901350617,after_on_input,0.16854898631572723,21d970d8de,theta_base,probe0/m0
0.0006079645245335996,0.0009966151556000113,base+R+t,couple,scannetpp,-0.00038865063106641173,after_on_input,0.16854898631572723,21d970d8de,theta_base,probe0/m0
0.0003484310582280159,0.0004867275129072368,base+R+t,rel_rot,scannetpp,-0.00013829645467922091,after_on_input,0.16854898631572723,21d970d8de,theta_base,probe0/m0
0.0016827683430165052,0.0023400387726724148,base+R+t,rel_tdir,scannetpp,-0.0006572704296559095,after_on_input,0.16854898631572723,21d970d8de,theta_base,probe0/m0
0.024738650768995285,0.024779196828603745,base+R+t,maskdistill,scannetpp,-4.054605960845947e-05,after_on_probe0_clean,0.16854898631572723,21d970d8de,theta_base,probe0/m0
0.00012899166904389858,0.00013217132072895765,base+R+t,rkd_sh_d,scannetpp,-3.1796516850590706e-06,after_on_probe0_clean,0.16854898631572723,21d970d8de,theta_base,probe0/m0
0.0008266400545835495,0.0009472317760810256,base+R+t,rkd_sh_a,scannetpp,-0.0001205917214974761,after_on_probe0_clean,0.16854898631572723,21d970d8de,theta_base,probe0/m0
5.239985512162093e-06,9.432110346097033e-06,base+R+t,couple,scannetpp,-4.19212483393494e-06,after_on_probe0_clean,0.16854898631572723,21d970d8de,theta_base,probe0/m0
7.146071584429592e-05,6.190250860527158e-05,base+R+t,rel_rot,scannetpp,9.558207239024341e-06,after_on_probe0_clean,0.16854898631572723,21d970d8de,theta_base,probe0/m0
0.0011137922992929816,0.0012543698539957404,base+R+t,rel_tdir,scannetpp,-0.0001405775547027588,after_on_probe0_clean,0.16854898631572723,21d970d8de,theta_base,probe0/m0
0.1805511713027954,0.18328022956848145,base,maskdistill,scannetpp,-0.002729058265686035,after_on_input,0.21554884314537048,21d970d8de,theta_rel,probe0/m0
0.00012637213512789458,0.00020517331722658128,base,rkd_sh_d,scannetpp,-7.88011820986867e-05,after_on_input,0.21554884314537048,21d970d8de,theta_rel,probe0/m0
0.0015100494492799044,0.0021360469982028008,base,rkd_sh_a,scannetpp,-0.0006259975489228964,after_on_input,0.21554884314537048,21d970d8de,theta_rel,probe0/m0
0.0007033909787423909,0.0010820486349985003,base,couple,scannetpp,-0.0003786576562561095,after_on_input,0.21554884314537048,21d970d8de,theta_rel,probe0/m0
0.0002887591253966093,0.0004510814032983035,base,rel_rot,scannetpp,-0.00016232227790169418,after_on_input,0.21554884314537048,21d970d8de,theta_rel,probe0/m0
0.0020094416104257107,0.002844145055860281,base,rel_tdir,scannetpp,-0.0008347034454345703,after_on_input,0.21554884314537048,21d970d8de,theta_rel,probe0/m0
0.02497667260468006,0.02500981092453003,base,maskdistill,scannetpp,-3.3138319849967957e-05,after_on_probe0_clean,0.21554884314537048,21d970d8de,theta_rel,probe0/m0
0.00013647052401211113,0.00013556424528360367,base,rkd_sh_d,scannetpp,9.062787285074592e-07,after_on_probe0_clean,0.21554884314537048,21d970d8de,theta_rel,probe0/m0
0.0009308828739449382,0.0009093292756006122,base,rkd_sh_a,scannetpp,2.155359834432602e-05,after_on_probe0_clean,0.21554884314537048,21d970d8de,theta_rel,probe0/m0
9.678351489128545e-06,1.870500091172289e-05,base,couple,scannetpp,-9.026649422594346e-06,after_on_probe0_clean,0.21554884314537048,21d970d8de,theta_rel,probe0/m0
0.00014823961828369647,0.00019715400412678719,base,rel_rot,scannetpp,-4.891438584309071e-05,after_on_probe0_clean,0.21554884314537048,21d970d8de,theta_rel,probe0/m0
0.0013556083431467414,0.0013437470188364387,base,rel_tdir,scannetpp,1.1861324310302734e-05,after_on_probe0_clean,0.21554884314537048,21d970d8de,theta_rel,probe0/m0
0.18068847060203552,0.18328022956848145,base+R,maskdistill,scannetpp,-0.002591758966445923,after_on_input,0.22011175751686096,21d970d8de,theta_rel,probe0/m0
0.0001369726232951507,0.00020517331722658128,base+R,rkd_sh_d,scannetpp,-6.820069393143058e-05,after_on_input,0.22011175751686096,21d970d8de,theta_rel,probe0/m0
0.0015883790329098701,0.0021360469982028008,base+R,rkd_sh_a,scannetpp,-0.0005476679652929306,after_on_input,0.22011175751686096,21d970d8de,theta_rel,probe0/m0
0.0007138645742088556,0.0010820486349985003,base+R,couple,scannetpp,-0.0003681840607896447,after_on_input,0.22011175751686096,21d970d8de,theta_rel,probe0/m0
0.00026789004914462566,0.0004510814032983035,base+R,rel_rot,scannetpp,-0.00018319135415367782,after_on_input,0.22011175751686096,21d970d8de,theta_rel,probe0/m0
0.002149005886167288,0.002844145055860281,base+R,rel_tdir,scannetpp,-0.0006951391696929932,after_on_input,0.22011175751686096,21d970d8de,theta_rel,probe0/m0
0.02494395524263382,0.02500981092453003,base+R,maskdistill,scannetpp,-6.585568189620972e-05,after_on_probe0_clean,0.22011175751686096,21d970d8de,theta_rel,probe0/m0
0.0001296152186114341,0.00013556424528360367,base+R,rkd_sh_d,scannetpp,-5.949026672169566e-06,after_on_probe0_clean,0.22011175751686096,21d970d8de,theta_rel,probe0/m0
0.0008276085718534887,0.0009093292756006122,base+R,rkd_sh_a,scannetpp,-8.172070374712348e-05,after_on_probe0_clean,0.22011175751686096,21d970d8de,theta_rel,probe0/m0
1.2154117939644493e-05,1.870500091172289e-05,base+R,couple,scannetpp,-6.550882972078398e-06,after_on_probe0_clean,0.22011175751686096,21d970d8de,theta_rel,probe0/m0
0.00021438123076222837,0.00019715400412678719,base+R,rel_rot,scannetpp,1.7227226635441184e-05,after_on_probe0_clean,0.22011175751686096,21d970d8de,theta_rel,probe0/m0
0.0012402236461639404,0.0013437470188364387,base+R,rel_tdir,scannetpp,-0.00010352337267249823,after_on_probe0_clean,0.22011175751686096,21d970d8de,theta_rel,probe0/m0
0.18095822632312775,0.18328022956848145,base+t,maskdistill,scannetpp,-0.0023220032453536987,after_on_input,0.2515004873275757,21d970d8de,theta_rel,probe0/m0
0.00013808111543767154,0.00020517331722658128,base+t,rkd_sh_d,scannetpp,-6.709220178890973e-05,after_on_input,0.2515004873275757,21d970d8de,theta_rel,probe0/m0
0.0015842809807509184,0.0021360469982028008,base+t,rkd_sh_a,scannetpp,-0.0005517660174518824,after_on_input,0.2515004873275757,21d970d8de,theta_rel,probe0/m0
0.0007514600874856114,0.0010820486349985003,base+t,couple,scannetpp,-0.0003305885475128889,after_on_input,0.2515004873275757,21d970d8de,theta_rel,probe0/m0
0.0002823256072588265,0.0004510814032983035,base+t,rel_rot,scannetpp,-0.000168755796039477,after_on_input,0.2515004873275757,21d970d8de,theta_rel,probe0/m0
0.0021092197857797146,0.002844145055860281,base+t,rel_tdir,scannetpp,-0.0007349252700805664,after_on_input,0.2515004873275757,21d970d8de,theta_rel,probe0/m0
0.024916745722293854,0.02500981092453003,base+t,maskdistill,scannetpp,-9.306520223617554e-05,after_on_probe0_clean,0.2515004873275757,21d970d8de,theta_rel,probe0/m0
0.0001343047188129276,0.00013556424528360367,base+t,rkd_sh_d,scannetpp,-1.2595264706760645e-06,after_on_probe0_clean,0.2515004873275757,21d970d8de,theta_rel,probe0/m0
0.0008843293180689216,0.0009093292756006122,base+t,rkd_sh_a,scannetpp,-2.4999957531690598e-05,after_on_probe0_clean,0.2515004873275757,21d970d8de,theta_rel,probe0/m0
1.2805974620277993e-05,1.870500091172289e-05,base+t,couple,scannetpp,-5.899026291444898e-06,after_on_probe0_clean,0.2515004873275757,21d970d8de,theta_rel,probe0/m0
0.00017862574895843863,0.00019715400412678719,base+t,rel_rot,scannetpp,-1.852825516834855e-05,after_on_probe0_clean,0.2515004873275757,21d970d8de,theta_rel,probe0/m0
0.001301030395552516,0.0013437470188364387,base+t,rel_tdir,scannetpp,-4.271662328392267e-05,after_on_probe0_clean,0.2515004873275757,21d970d8de,theta_rel,probe0/m0
0.18084989488124847,0.18328022956848145,base+R+t,maskdistill,scannetpp,-0.002430334687232971,after_on_input,0.2537168860435486,21d970d8de,theta_rel,probe0/m0
0.00013042366481386125,0.00020517331722658128,base+R+t,rkd_sh_d,scannetpp,-7.474965241272002e-05,after_on_input,0.2537168860435486,21d970d8de,theta_rel,probe0/m0
0.0015186863020062447,0.0021360469982028008,base+R+t,rkd_sh_a,scannetpp,-0.0006173606961965561,after_on_input,0.2537168860435486,21d970d8de,theta_rel,probe0/m0
0.0006960932514630258,0.0010820486349985003,base+R+t,couple,scannetpp,-0.00038595538353547454,after_on_input,0.2537168860435486,21d970d8de,theta_rel,probe0/m0
0.00026697677094489336,0.0004510814032983035,base+R+t,rel_rot,scannetpp,-0.00018410463235341012,after_on_input,0.2537168860435486,21d970d8de,theta_rel,probe0/m0
0.0020276904106140137,0.002844145055860281,base+R+t,rel_tdir,scannetpp,-0.0008164546452462673,after_on_input,0.2537168860435486,21d970d8de,theta_rel,probe0/m0
0.024897407740354538,0.02500981092453003,base+R+t,maskdistill,scannetpp,-0.00011240318417549133,after_on_probe0_clean,0.2537168860435486,21d970d8de,theta_rel,probe0/m0
0.00013301116996444762,0.00013556424528360367,base+R+t,rkd_sh_d,scannetpp,-2.5530753191560507e-06,after_on_probe0_clean,0.2537168860435486,21d970d8de,theta_rel,probe0/m0
0.0008557687397114933,0.0009093292756006122,base+R+t,rkd_sh_a,scannetpp,-5.356053588911891e-05,after_on_probe0_clean,0.2537168860435486,21d970d8de,theta_rel,probe0/m0
1.253894606634276e-05,1.870500091172289e-05,base+R+t,couple,scannetpp,-6.166054845380131e-06,after_on_probe0_clean,0.2537168860435486,21d970d8de,theta_rel,probe0/m0
0.00018134404672309756,0.00019715400412678719,base+R+t,rel_rot,scannetpp,-1.5809957403689623e-05,after_on_probe0_clean,0.2537168860435486,21d970d8de,theta_rel,probe0/m0
0.0012552440166473389,0.0013437470188364387,base+R+t,rel_tdir,scannetpp,-8.850300218909979e-05,after_on_probe0_clean,0.2537168860435486,21d970d8de,theta_rel,probe0/m0
0.12539565563201904,0.12628144025802612,base,maskdistill,scannetpp,-0.0008857846260070801,after_on_input,0.07389520108699799,7bc286c1b6,theta_base,probe0/m0
1.0183452104683965e-05,1.7281279724556953e-05,base,rkd_sh_d,scannetpp,-7.097827619872987e-06,after_on_input,0.07389520108699799,7bc286c1b6,theta_base,probe0/m0
9.559341560816392e-05,0.0003116183797828853,base,rkd_sh_a,scannetpp,-0.0002160249641747214,after_on_input,0.07389520108699799,7bc286c1b6,theta_base,probe0/m0
4.8726078603067435e-06,2.588624283816898e-07,base,couple,scannetpp,4.613745431925054e-06,after_on_input,0.07389520108699799,7bc286c1b6,theta_base,probe0/m0
0.0006073313998058438,0.000724612909834832,base,rel_rot,scannetpp,-0.00011728151002898812,after_on_input,0.07389520108699799,7bc286c1b6,theta_base,probe0/m0
0.00035043558455072343,0.0006064176559448242,base,rel_tdir,scannetpp,-0.0002559820713941008,after_on_input,0.07389520108699799,7bc286c1b6,theta_base,probe0/m0
0.010741270147264004,0.010678388178348541,base,maskdistill,scannetpp,6.28819689154625e-05,after_on_probe0_clean,0.07389520108699799,7bc286c1b6,theta_base,probe0/m0
5.800252438348252e-07,6.520958777400665e-07,base,rkd_sh_d,scannetpp,-7.207063390524127e-08,after_on_probe0_clean,0.07389520108699799,7bc286c1b6,theta_base,probe0/m0
1.649147816351615e-05,2.489865801180713e-05,base,rkd_sh_a,scannetpp,-8.40717984829098e-06,after_on_probe0_clean,0.07389520108699799,7bc286c1b6,theta_base,probe0/m0
8.69273117132252e-06,6.28789439360844e-06,base,couple,scannetpp,2.404836777714081e-06,after_on_probe0_clean,0.07389520108699799,7bc286c1b6,theta_base,probe0/m0
6.540531467180699e-05,7.67827732488513e-05,base,rel_rot,scannetpp,-1.1377458577044308e-05,after_on_probe0_clean,0.07389520108699799,7bc286c1b6,theta_base,probe0/m0
5.7190656661987305e-05,8.417169738095254e-05,base,rel_tdir,scannetpp,-2.6981040718965232e-05,after_on_probe0_clean,0.07389520108699799,7bc286c1b6,theta_base,probe0/m0
0.12549102306365967,0.12628144025802612,base+R,maskdistill,scannetpp,-0.0007904171943664551,after_on_input,0.09418050199747086,7bc286c1b6,theta_base,probe0/m0
7.406807526422199e-06,1.7281279724556953e-05,base+R,rkd_sh_d,scannetpp,-9.874472198134754e-06,after_on_input,0.09418050199747086,7bc286c1b6,theta_base,probe0/m0
0.00011059991084039211,0.0003116183797828853,base+R,rkd_sh_a,scannetpp,-0.0002010184689424932,after_on_input,0.09418050199747086,7bc286c1b6,theta_base,probe0/m0
7.639127943548374e-06,2.588624283816898e-07,base+R,couple,scannetpp,7.380265515166684e-06,after_on_input,0.09418050199747086,7bc286c1b6,theta_base,probe0/m0
0.0004869263502769172,0.000724612909834832,base+R,rel_rot,scannetpp,-0.00023768655955791473,after_on_input,0.09418050199747086,7bc286c1b6,theta_base,probe0/m0
0.00036360821104608476,0.0006064176559448242,base+R,rel_tdir,scannetpp,-0.00024280944489873946,after_on_input,0.09418050199747086,7bc286c1b6,theta_base,probe0/m0
0.01074151135981083,0.010678388178348541,base+R,maskdistill,scannetpp,6.31231814622879e-05,after_on_probe0_clean,0.09418050199747086,7bc286c1b6,theta_base,probe0/m0
4.891446678811917e-07,6.520958777400665e-07,base+R,rkd_sh_d,scannetpp,-1.629512098588748e-07,after_on_probe0_clean,0.09418050199747086,7bc286c1b6,theta_base,probe0/m0
1.4231419299903791e-05,2.489865801180713e-05,base+R,rkd_sh_a,scannetpp,-1.0667238711903337e-05,after_on_probe0_clean,0.09418050199747086,7bc286c1b6,theta_base,probe0/m0
1.089223769668024e-05,6.28789439360844e-06,base+R,couple,scannetpp,4.604343303071801e-06,after_on_probe0_clean,0.09418050199747086,7bc286c1b6,theta_base,probe0/m0
6.207336264196783e-05,7.67827732488513e-05,base+R,rel_rot,scannetpp,-1.4709410606883466e-05,after_on_probe0_clean,0.09418050199747086,7bc286c1b6,theta_base,probe0/m0
6.864468741696328e-05,8.417169738095254e-05,base+R,rel_tdir,scannetpp,-1.5527009963989258e-05,after_on_probe0_clean,0.09418050199747086,7bc286c1b6,theta_base,probe0/m0
0.1255529373884201,0.12628144025802612,base+t,maskdistill,scannetpp,-0.0007285028696060181,after_on_input,0.0983380526304245,7bc286c1b6,theta_base,probe0/m0
9.30313763092272e-06,1.7281279724556953e-05,base+t,rkd_sh_d,scannetpp,-7.978142093634233e-06,after_on_input,0.0983380526304245,7bc286c1b6,theta_base,probe0/m0
0.00010186736471951008,0.0003116183797828853,base+t,rkd_sh_a,scannetpp,-0.00020975101506337523,after_on_input,0.0983380526304245,7bc286c1b6,theta_base,probe0/m0
6.299557753663976e-06,2.588624283816898e-07,base+t,couple,scannetpp,6.040695325282286e-06,after_on_input,0.0983380526304245,7bc286c1b6,theta_base,probe0/m0
0.0006240616785362363,0.000724612909834832,base+t,rel_rot,scannetpp,-0.00010055123129859567,after_on_input,0.0983380526304245,7bc286c1b6,theta_base,probe0/m0
0.0003335674700792879,0.0006064176559448242,base+t,rel_tdir,scannetpp,-0.00027285018586553633,after_on_input,0.0983380526304245,7bc286c1b6,theta_base,probe0/m0
0.010749897919595242,0.010678388178348541,base+t,maskdistill,scannetpp,7.150974124670029e-05,after_on_probe0_clean,0.0983380526304245,7bc286c1b6,theta_base,probe0/m0
2.2511630959343165e-06,6.520958777400665e-07,base+t,rkd_sh_d,scannetpp,1.59906721819425e-06,after_on_probe0_clean,0.0983380526304245,7bc286c1b6,theta_base,probe0/m0
8.729046385269612e-05,2.489865801180713e-05,base+t,rkd_sh_a,scannetpp,6.239180584088899e-05,after_on_probe0_clean,0.0983380526304245,7bc286c1b6,theta_base,probe0/m0
1.3258468243293464e-05,6.28789439360844e-06,base+t,couple,scannetpp,6.9705738496850245e-06,after_on_probe0_clean,0.0983380526304245,7bc286c1b6,theta_base,probe0/m0
8.647951472084969e-05,7.67827732488513e-05,base+t,rel_rot,scannetpp,9.696741471998394e-06,after_on_probe0_clean,0.0983380526304245,7bc286c1b6,theta_base,probe0/m0
0.00010765592742245644,8.417169738095254e-05,base+t,rel_tdir,scannetpp,2.3484230041503906e-05,after_on_probe0_clean,0.0983380526304245,7bc286c1b6,theta_base,probe0/m0
0.12565001845359802,0.12628144025802612,base+R+t,maskdistill,scannetpp,-0.0006314218044281006,after_on_input,0.11939358711242676,7bc286c1b6,theta_base,probe0/m0
7.2254078986588866e-06,1.7281279724556953e-05,base+R+t,rkd_sh_d,scannetpp,-1.0055871825898066e-05,after_on_input,0.11939358711242676,7bc286c1b6,theta_base,probe0/m0
8.999802957987413e-05,0.0003116183797828853,base+R+t,rkd_sh_a,scannetpp,-0.00022162035020301118,after_on_input,0.11939358711242676,7bc286c1b6,theta_base,probe0/m0
9.611526365915779e-06,2.588624283816898e-07,base+R+t,couple,scannetpp,9.35266393753409e-06,after_on_input,0.11939358711242676,7bc286c1b6,theta_base,probe0/m0
0.00046727745211683214,0.000724612909834832,base+R+t,rel_rot,scannetpp,-0.0002573354577179998,after_on_input,0.11939358711242676,7bc286c1b6,theta_base,probe0/m0
0.00029082101536914706,0.0006064176559448242,base+R+t,rel_tdir,scannetpp,-0.00031559664057567716,after_on_input,0.11939358711242676,7bc286c1b6,theta_base,probe0/m0
0.010745301842689514,0.010678388178348541,base+R+t,maskdistill,scannetpp,6.69136643409729e-05,after_on_probe0_clean,0.11939358711242676,7bc286c1b6,theta_base,probe0/m0
6.26947155524249e-07,6.520958777400665e-07,base+R+t,rkd_sh_d,scannetpp,-2.5148722215817543e-08,after_on_probe0_clean,0.11939358711242676,7bc286c1b6,theta_base,probe0/m0
1.2997903468203731e-05,2.489865801180713e-05,base+R+t,rkd_sh_a,scannetpp,-1.1900754543603398e-05,after_on_probe0_clean,0.11939358711242676,7bc286c1b6,theta_base,probe0/m0
5.28640975971939e-06,6.28789439360844e-06,base+R+t,couple,scannetpp,-1.0014846338890493e-06,after_on_probe0_clean,0.11939358711242676,7bc286c1b6,theta_base,probe0/m0
6.0424972616601735e-05,7.67827732488513e-05,base+R+t,rel_rot,scannetpp,-1.6357800632249564e-05,after_on_probe0_clean,0.11939358711242676,7bc286c1b6,theta_base,probe0/m0
5.02169132232666e-05,8.417169738095254e-05,base+R+t,rel_tdir,scannetpp,-3.3954784157685935e-05,after_on_probe0_clean,0.11939358711242676,7bc286c1b6,theta_base,probe0/m0
0.12826134264469147,0.12937374413013458,base,maskdistill,scannetpp,-0.0011124014854431152,after_on_input,0.047538768500089645,7bc286c1b6,theta_rel,probe0/m0
3.056507011933718e-06,5.859369593963493e-06,base,rkd_sh_d,scannetpp,-2.8028625820297748e-06,after_on_input,0.047538768500089645,7bc286c1b6,theta_rel,probe0/m0
5.373819476517383e-06,9.116817818721756e-05,base,rkd_sh_a,scannetpp,-8.579435871070018e-05,after_on_input,0.047538768500089645,7bc286c1b6,theta_rel,probe0/m0
1.2792967027053237e-05,9.654630957811605e-06,base,couple,scannetpp,3.1383360692416318e-06,after_on_input,0.047538768500089645,7bc286c1b6,theta_rel,probe0/m0
0.0007106803241185844,0.0008248809026554227,base,rel_rot,scannetpp,-0.00011420057853683829,after_on_input,0.047538768500089645,7bc286c1b6,theta_rel,probe0/m0
0.00012028217315673828,0.00025807818747125566,base,rel_tdir,scannetpp,-0.00013779601431451738,after_on_input,0.047538768500089645,7bc286c1b6,theta_rel,probe0/m0
0.010238759219646454,0.010091875679790974,base,maskdistill,scannetpp,0.0001468835398554802,after_on_probe0_clean,0.047538768500089645,7bc286c1b6,theta_rel,probe0/m0
9.170574912786833e-07,1.0160241572521045e-06,base,rkd_sh_d,scannetpp,-9.896666597342119e-08,after_on_probe0_clean,0.047538768500089645,7bc286c1b6,theta_rel,probe0/m0
1.1350030945322942e-05,2.192311512771994e-05,base,rkd_sh_a,scannetpp,-1.0573084182396997e-05,after_on_probe0_clean,0.047538768500089645,7bc286c1b6,theta_rel,probe0/m0
7.117075256246608e-06,5.405340289144078e-06,base,couple,scannetpp,1.7117349671025295e-06,after_on_probe0_clean,0.047538768500089645,7bc286c1b6,theta_rel,probe0/m0
4.224313306622207e-05,4.9750986363505945e-05,base,rel_rot,scannetpp,-7.507853297283873e-06,after_on_probe0_clean,0.047538768500089645,7bc286c1b6,theta_rel,probe0/m0
1.82489566213917e-05,2.745787423918955e-05,base,rel_tdir,scannetpp,-9.208917617797852e-06,after_on_probe0_clean,0.047538768500089645,7bc286c1b6,theta_rel,probe0/m0
0.12839171290397644,0.12937374413013458,base+R,maskdistill,scannetpp,-0.000982031226158142,after_on_input,0.061675336211919785,7bc286c1b6,theta_rel,probe0/m0
3.5001503420062363e-06,5.859369593963493e-06,base+R,rkd_sh_d,scannetpp,-2.3592192519572563e-06,after_on_input,0.061675336211919785,7bc286c1b6,theta_rel,probe0/m0
9.20503862289479e-06,9.116817818721756e-05,base+R,rkd_sh_a,scannetpp,-8.196313956432277e-05,after_on_input,0.061675336211919785,7bc286c1b6,theta_rel,probe0/m0
1.2415674063959159e-05,9.654630957811605e-06,base+R,couple,scannetpp,2.7610431061475538e-06,after_on_input,0.061675336211919785,7bc286c1b6,theta_rel,probe0/m0
0.0005387692363001406,0.0008248809026554227,base+R,rel_rot,scannetpp,-0.00028611166635528207,after_on_input,0.061675336211919785,7bc286c1b6,theta_rel,probe0/m0
0.00013150772429071367,0.00025807818747125566,base+R,rel_tdir,scannetpp,-0.000126570463180542,after_on_input,0.061675336211919785,7bc286c1b6,theta_rel,probe0/m0
0.010231804102659225,0.010091875679790974,base+R,maskdistill,scannetpp,0.0001399284228682518,after_on_probe0_clean,0.061675336211919785,7bc286c1b6,theta_rel,probe0/m0
7.367455054918537e-07,1.0160241572521045e-06,base+R,rkd_sh_d,scannetpp,-2.792786517602508e-07,after_on_probe0_clean,0.061675336211919785,7bc286c1b6,theta_rel,probe0/m0
3.142756668239599e-06,2.192311512771994e-05,base+R,rkd_sh_a,scannetpp,-1.878035845948034e-05,after_on_probe0_clean,0.061675336211919785,7bc286c1b6,theta_rel,probe0/m0
3.427276396905654e-06,5.405340289144078e-06,base+R,couple,scannetpp,-1.978063892238424e-06,after_on_probe0_clean,0.061675336211919785,7bc286c1b6,theta_rel,probe0/m0
2.7968733775196597e-05,4.9750986363505945e-05,base+R,rel_rot,scannetpp,-2.1782252588309348e-05,after_on_probe0_clean,0.061675336211919785,7bc286c1b6,theta_rel,probe0/m0
7.838010787963867e-06,2.745787423918955e-05,base+R,rel_tdir,scannetpp,-1.9619863451225683e-05,after_on_probe0_clean,0.061675336211919785,7bc286c1b6,theta_rel,probe0/m0
0.12838275730609894,0.12937374413013458,base+t,maskdistill,scannetpp,-0.0009909868240356445,after_on_input,0.05986988916993141,7bc286c1b6,theta_rel,probe0/m0
5.927915026404662e-06,5.859369593963493e-06,base+t,rkd_sh_d,scannetpp,6.85454324411694e-08,after_on_input,0.05986988916993141,7bc286c1b6,theta_rel,probe0/m0
2.7069630959886126e-05,9.116817818721756e-05,base+t,rkd_sh_a,scannetpp,-6.409854722733144e-05,after_on_input,0.05986988916993141,7bc286c1b6,theta_rel,probe0/m0
8.576783329772297e-06,9.654630957811605e-06,base+t,couple,scannetpp,-1.0778476280393079e-06,after_on_input,0.05986988916993141,7bc286c1b6,theta_rel,probe0/m0
0.0007270890055224299,0.0008248809026554227,base+t,rel_rot,scannetpp,-9.779189713299274e-05,after_on_input,0.05986988916993141,7bc286c1b6,theta_rel,probe0/m0
0.00016996264457702637,0.00025807818747125566,base+t,rel_tdir,scannetpp,-8.811554289422929e-05,after_on_input,0.05986988916993141,7bc286c1b6,theta_rel,probe0/m0
0.010214710608124733,0.010091875679790974,base+t,maskdistill,scannetpp,0.0001228349283337593,after_on_probe0_clean,0.05986988916993141,7bc286c1b6,theta_rel,probe0/m0
7.157020149861637e-07,1.0160241572521045e-06,base+t,rkd_sh_d,scannetpp,-3.003221422659408e-07,after_on_probe0_clean,0.05986988916993141,7bc286c1b6,theta_rel,probe0/m0
1.7850088624982163e-05,2.192311512771994e-05,base+t,rkd_sh_a,scannetpp,-4.0730265027377754e-06,after_on_probe0_clean,0.05986988916993141,7bc286c1b6,theta_rel,probe0/m0
6.686045708192978e-06,5.405340289144078e-06,base+t,couple,scannetpp,1.2807054190488998e-06,after_on_probe0_clean,0.05986988916993141,7bc286c1b6,theta_rel,probe0/m0
5.803528620162979e-05,4.9750986363505945e-05,base+t,rel_rot,scannetpp,8.284299838123843e-06,after_on_probe0_clean,0.05986988916993141,7bc286c1b6,theta_rel,probe0/m0
2.1765630663139746e-05,2.745787423918955e-05,base+t,rel_tdir,scannetpp,-5.692243576049805e-06,after_on_probe0_clean,0.05986988916993141,7bc286c1b6,theta_rel,probe0/m0
0.12847881019115448,0.12937374413013458,base+R+t,maskdistill,scannetpp,-0.0008949339389801025,after_on_input,0.07484117895364761,7bc286c1b6,theta_rel,probe0/m0
3.006211045430973e-06,5.859369593963493e-06,base+R+t,rkd_sh_d,scannetpp,-2.8531585485325195e-06,after_on_input,0.07484117895364761,7bc286c1b6,theta_rel,probe0/m0
1.2921133020427078e-05,9.116817818721756e-05,base+R+t,rkd_sh_a,scannetpp,-7.824704516679049e-05,after_on_input,0.07484117895364761,7bc286c1b6,theta_rel,probe0/m0
7.445319170074072e-06,9.654630957811605e-06,base+R+t,couple,scannetpp,-2.2093117877375335e-06,after_on_input,0.07484117895364761,7bc286c1b6,theta_rel,probe0/m0
0.000568728952202946,0.0008248809026554227,base+R+t,rel_rot,scannetpp,-0.00025615195045247674,after_on_input,0.07484117895364761,7bc286c1b6,theta_rel,probe0/m0
0.00011496742808958516,0.00025807818747125566,base+R+t,rel_tdir,scannetpp,-0.0001431107593816705,after_on_input,0.07484117895364761,7bc286c1b6,theta_rel,probe0/m0
0.010227911174297333,0.010091875679790974,base+R+t,maskdistill,scannetpp,0.0001360354945063591,after_on_probe0_clean,0.07484117895364761,7bc286c1b6,theta_rel,probe0/m0
4.805668254448392e-07,1.0160241572521045e-06,base+R+t,rkd_sh_d,scannetpp,-5.354573318072653e-07,after_on_probe0_clean,0.07484117895364761,7bc286c1b6,theta_rel,probe0/m0
4.904931074634078e-07,2.192311512771994e-05,base+R+t,rkd_sh_a,scannetpp,-2.143262202025653e-05,after_on_probe0_clean,0.07484117895364761,7bc286c1b6,theta_rel,probe0/m0
4.5998417590453755e-06,5.405340289144078e-06,base+R+t,couple,scannetpp,-8.054985300987028e-07,after_on_probe0_clean,0.07484117895364761,7bc286c1b6,theta_rel,probe0/m0
2.644172855070792e-05,4.9750986363505945e-05,base+R+t,rel_rot,scannetpp,-2.3309257812798023e-05,after_on_probe0_clean,0.07484117895364761,7bc286c1b6,theta_rel,probe0/m0
7.838010787963867e-06,2.745787423918955e-05,base+R+t,rel_tdir,scannetpp,-1.9619863451225683e-05,after_on_probe0_clean,0.07484117895364761,7bc286c1b6,theta_rel,probe0/m0
0.16964006423950195,0.1698428988456726,base,maskdistill,scannetpp,-0.0002028346061706543,after_on_input,0.38376909494400024,9071e139d9,theta_base,probe0/m0
4.62626303487923e-06,1.5585063010803424e-05,base,rkd_sh_d,scannetpp,-1.0958799975924194e-05,after_on_input,0.38376909494400024,9071e139d9,theta_base,probe0/m0
0.0023226914927363396,0.00667575141415,base,rkd_sh_a,scannetpp,-0.00435305992141366,after_on_input,0.38376909494400024,9071e139d9,theta_base,probe0/m0
0.00013263037544675171,0.00014804366219323128,base,couple,scannetpp,-1.541328674647957e-05,after_on_input,0.38376909494400024,9071e139d9,theta_base,probe0/m0
0.0013415804132819176,0.00137430801987648,base,rel_rot,scannetpp,-3.272760659456253e-05,after_on_input,0.38376909494400024,9071e139d9,theta_base,probe0/m0
0.004108677618205547,0.008195212110877037,base,rel_tdir,scannetpp,-0.00408653449267149,after_on_input,0.38376909494400024,9071e139d9,theta_base,probe0/m0
0.03462531790137291,0.03482506051659584,base,maskdistill,scannetpp,-0.0001997426152229309,after_on_probe0_clean,0.38376909494400024,9071e139d9,theta_base,probe0/m0
3.429266143939458e-06,3.842370006168494e-06,base,rkd_sh_d,scannetpp,-4.1310386222903617e-07,after_on_probe0_clean,0.38376909494400024,9071e139d9,theta_base,probe0/m0
0.0009706485434435308,0.0007168682641349733,base,rkd_sh_a,scannetpp,0.0002537802793085575,after_on_probe0_clean,0.38376909494400024,9071e139d9,theta_base,probe0/m0
0.00041992825572378933,0.0004964219988323748,base,couple,scannetpp,-7.649374310858548e-05,after_on_probe0_clean,0.38376909494400024,9071e139d9,theta_base,probe0/m0
0.0002949270128738135,0.00030947825871407986,base,rel_rot,scannetpp,-1.4551245840266347e-05,after_on_probe0_clean,0.38376909494400024,9071e139d9,theta_base,probe0/m0
0.0008588334312662482,0.0005834301700815558,base,rel_tdir,scannetpp,0.0002754032611846924,after_on_probe0_clean,0.38376909494400024,9071e139d9,theta_base,probe0/m0
0.169823557138443,0.1698428988456726,base+R,maskdistill,scannetpp,-1.9341707229614258e-05,after_on_input,0.3860720098018646,9071e139d9,theta_base,probe0/m0
4.54349719802849e-06,1.5585063010803424e-05,base+R,rkd_sh_d,scannetpp,-1.1041565812774934e-05,after_on_input,0.3860720098018646,9071e139d9,theta_base,probe0/m0
0.0025390544906258583,0.00667575141415,base+R,rkd_sh_a,scannetpp,-0.004136696923524141,after_on_input,0.3860720098018646,9071e139d9,theta_base,probe0/m0
0.00015925956540741026,0.00014804366219323128,base+R,couple,scannetpp,1.121590321417898e-05,after_on_input,0.3860720098018646,9071e139d9,theta_base,probe0/m0
0.0013320310972630978,0.00137430801987648,base+R,rel_rot,scannetpp,-4.227692261338234e-05,after_on_input,0.3860720098018646,9071e139d9,theta_base,probe0/m0
0.004920373670756817,0.008195212110877037,base+R,rel_tdir,scannetpp,-0.00327483844012022,after_on_input,0.3860720098018646,9071e139d9,theta_base,probe0/m0
0.03481750190258026,0.03482506051659584,base+R,maskdistill,scannetpp,-7.558614015579224e-06,after_on_probe0_clean,0.3860720098018646,9071e139d9,theta_base,probe0/m0
6.348588613036554e-06,3.842370006168494e-06,base+R,rkd_sh_d,scannetpp,2.5062186068680603e-06,after_on_probe0_clean,0.3860720098018646,9071e139d9,theta_base,probe0/m0
0.0009340133401565254,0.0007168682641349733,base+R,rkd_sh_a,scannetpp,0.00021714507602155209,after_on_probe0_clean,0.3860720098018646,9071e139d9,theta_base,probe0/m0
0.0005292201531119645,0.0004964219988323748,base+R,couple,scannetpp,3.279815427958965e-05,after_on_probe0_clean,0.3860720098018646,9071e139d9,theta_base,probe0/m0
0.0003083212359342724,0.00030947825871407986,base+R,rel_rot,scannetpp,-1.1570227798074484e-06,after_on_probe0_clean,0.3860720098018646,9071e139d9,theta_base,probe0/m0
0.0007163584232330322,0.0005834301700815558,base+R,rel_tdir,scannetpp,0.00013292825315147638,after_on_probe0_clean,0.3860720098018646,9071e139d9,theta_base,probe0/m0
0.16991402208805084,0.1698428988456726,base+t,maskdistill,scannetpp,7.112324237823486e-05,after_on_input,0.5513375401496887,9071e139d9,theta_base,probe0/m0
7.068639206408989e-06,1.5585063010803424e-05,base+t,rkd_sh_d,scannetpp,-8.516423804394435e-06,after_on_input,0.5513375401496887,9071e139d9,theta_base,probe0/m0
0.004056321457028389,0.00667575141415,base+t,rkd_sh_a,scannetpp,-0.0026194299571216106,after_on_input,0.5513375401496887,9071e139d9,theta_base,probe0/m0
0.0001478870544815436,0.00014804366219323128,base+t,couple,scannetpp,-1.5660771168768406e-07,after_on_input,0.5513375401496887,9071e139d9,theta_base,probe0/m0
0.0013103375677019358,0.00137430801987648,base+t,rel_rot,scannetpp,-6.397045217454433e-05,after_on_input,0.5513375401496887,9071e139d9,theta_base,probe0/m0
0.00624614953994751,0.008195212110877037,base+t,rel_tdir,scannetpp,-0.0019490625709295273,after_on_input,0.5513375401496887,9071e139d9,theta_base,probe0/m0
0.03448934853076935,0.03482506051659584,base+t,maskdistill,scannetpp,-0.0003357119858264923,after_on_probe0_clean,0.5513375401496887,9071e139d9,theta_base,probe0/m0
4.348978109192103e-06,3.842370006168494e-06,base+t,rkd_sh_d,scannetpp,5.066081030236091e-07,after_on_probe0_clean,0.5513375401496887,9071e139d9,theta_base,probe0/m0
0.0007814263226464391,0.0007168682641349733,base+t,rkd_sh_a,scannetpp,6.455805851146579e-05,after_on_probe0_clean,0.5513375401496887,9071e139d9,theta_base,probe0/m0
0.0004797489382326603,0.0004964219988323748,base+t,couple,scannetpp,-1.6673060599714518e-05,after_on_probe0_clean,0.5513375401496887,9071e139d9,theta_base,probe0/m0
0.000275771482847631,0.00030947825871407986,base+t,rel_rot,scannetpp,-3.370677586644888e-05,after_on_probe0_clean,0.5513375401496887,9071e139d9,theta_base,probe0/m0
0.0006314019556157291,0.0005834301700815558,base+t,rel_tdir,scannetpp,4.797178553417325e-05,after_on_probe0_clean,0.5513375401496887,9071e139d9,theta_base,probe0/m0
0.17004133760929108,0.1698428988456726,base+R+t,maskdistill,scannetpp,0.00019843876361846924,after_on_input,0.5516171455383301,9071e139d9,theta_base,probe0/m0
4.616392743628239e-06,1.5585063010803424e-05,base+R+t,rkd_sh_d,scannetpp,-1.0968670267175185e-05,after_on_input,0.5516171455383301,9071e139d9,theta_base,probe0/m0
0.002617692109197378,0.00667575141415,base+R+t,rkd_sh_a,scannetpp,-0.0040580593049526215,after_on_input,0.5516171455383301,9071e139d9,theta_base,probe0/m0
0.00015279222861863673,0.00014804366219323128,base+R+t,couple,scannetpp,4.748566425405443e-06,after_on_input,0.5516171455383301,9071e139d9,theta_base,probe0/m0
0.001314391614869237,0.00137430801987648,base+R+t,rel_rot,scannetpp,-5.9916405007243156e-05,after_on_input,0.5516171455383301,9071e139d9,theta_base,probe0/m0
0.0048610372468829155,0.008195212110877037,base+R+t,rel_tdir,scannetpp,-0.0033341748639941216,after_on_input,0.5516171455383301,9071e139d9,theta_base,probe0/m0
0.03469030186533928,0.03482506051659584,base+R+t,maskdistill,scannetpp,-0.00013475865125656128,after_on_probe0_clean,0.5516171455383301,9071e139d9,theta_base,probe0/m0
3.000876859005075e-06,3.842370006168494e-06,base+R+t,rkd_sh_d,scannetpp,-8.414931471634191e-07,after_on_probe0_clean,0.5516171455383301,9071e139d9,theta_base,probe0/m0
0.0008722857455722988,0.0007168682641349733,base+R+t,rkd_sh_a,scannetpp,0.00015541748143732548,after_on_probe0_clean,0.5516171455383301,9071e139d9,theta_base,probe0/m0
0.0005010755849070847,0.0004964219988323748,base+R+t,couple,scannetpp,4.653586074709892e-06,after_on_probe0_clean,0.5516171455383301,9071e139d9,theta_base,probe0/m0
0.00029427677509374917,0.00030947825871407986,base+R+t,rel_rot,scannetpp,-1.5201483620330691e-05,after_on_probe0_clean,0.5516171455383301,9071e139d9,theta_base,probe0/m0
0.00084591907216236,0.0005834301700815558,base+R+t,rel_tdir,scannetpp,0.0002624889020808041,after_on_probe0_clean,0.5516171455383301,9071e139d9,theta_base,probe0/m0
0.1722831428050995,0.17226538062095642,base,maskdistill,scannetpp,1.7762184143066406e-05,after_on_input,0.417582243680954,9071e139d9,theta_rel,probe0/m0
1.005789454211481e-05,1.795671778381802e-05,base,rkd_sh_d,scannetpp,-7.898823241703212e-06,after_on_input,0.417582243680954,9071e139d9,theta_rel,probe0/m0
0.004460860975086689,0.008764197118580341,base,rkd_sh_a,scannetpp,-0.004303336143493652,after_on_input,0.417582243680954,9071e139d9,theta_rel,probe0/m0
0.00015441297728102654,6.558228778885677e-05,base,couple,scannetpp,8.883068949216977e-05,after_on_input,0.417582243680954,9071e139d9,theta_rel,probe0/m0
0.001461868523620069,0.001338230213150382,base,rel_rot,scannetpp,0.00012363831046968699,after_on_input,0.417582243680954,9071e139d9,theta_rel,probe0/m0
0.006317297928035259,0.00993723701685667,base,rel_tdir,scannetpp,-0.003619939088821411,after_on_input,0.417582243680954,9071e139d9,theta_rel,probe0/m0
0.03554403781890869,0.035280682146549225,base,maskdistill,scannetpp,0.00026335567235946655,after_on_probe0_clean,0.417582243680954,9071e139d9,theta_rel,probe0/m0
4.443097168405075e-06,3.708980784722371e-06,base,rkd_sh_d,scannetpp,7.341163836827036e-07,after_on_probe0_clean,0.417582243680954,9071e139d9,theta_rel,probe0/m0
0.0009890638757497072,0.0006696201162412763,base,rkd_sh_a,scannetpp,0.00031944375950843096,after_on_probe0_clean,0.417582243680954,9071e139d9,theta_rel,probe0/m0
0.0004966530832462013,0.00047480594366788864,base,couple,scannetpp,2.1847139578312635e-05,after_on_probe0_clean,0.417582243680954,9071e139d9,theta_rel,probe0/m0
0.0003142088244203478,0.00027698022313416004,base,rel_rot,scannetpp,3.722860128618777e-05,after_on_probe0_clean,0.417582243680954,9071e139d9,theta_rel,probe0/m0
0.000758012174628675,0.0005766749382019043,base,rel_tdir,scannetpp,0.0001813372364267707,after_on_probe0_clean,0.417582243680954,9071e139d9,theta_rel,probe0/m0
0.17230424284934998,0.17226538062095642,base+R,maskdistill,scannetpp,3.886222839355469e-05,after_on_input,0.4097999930381775,9071e139d9,theta_rel,probe0/m0
1.0336761988583021e-05,1.795671778381802e-05,base+R,rkd_sh_d,scannetpp,-7.6199557952350006e-06,after_on_input,0.4097999930381775,9071e139d9,theta_rel,probe0/m0
0.00415013637393713,0.008764197118580341,base+R,rkd_sh_a,scannetpp,-0.004614060744643211,after_on_input,0.4097999930381775,9071e139d9,theta_rel,probe0/m0
0.00017255722195841372,6.558228778885677e-05,base+R,couple,scannetpp,0.00010697493416955695,after_on_input,0.4097999930381775,9071e139d9,theta_rel,probe0/m0
0.0013912481954321265,0.001338230213150382,base+R,rel_rot,scannetpp,5.301798228174448e-05,after_on_input,0.4097999930381775,9071e139d9,theta_rel,probe0/m0
0.0055448017083108425,0.00993723701685667,base+R,rel_tdir,scannetpp,-0.004392435308545828,after_on_input,0.4097999930381775,9071e139d9,theta_rel,probe0/m0
0.03548314422369003,0.035280682146549225,base+R,maskdistill,scannetpp,0.0002024620771408081,after_on_probe0_clean,0.4097999930381775,9071e139d9,theta_rel,probe0/m0
2.6021575649792794e-06,3.708980784722371e-06,base+R,rkd_sh_d,scannetpp,-1.1068232197430916e-06,after_on_probe0_clean,0.4097999930381775,9071e139d9,theta_rel,probe0/m0
0.0013528347481042147,0.0006696201162412763,base+R,rkd_sh_a,scannetpp,0.0006832146318629384,after_on_probe0_clean,0.4097999930381775,9071e139d9,theta_rel,probe0/m0
0.0005206739879213274,0.00047480594366788864,base+R,couple,scannetpp,4.586804425343871e-05,after_on_probe0_clean,0.4097999930381775,9071e139d9,theta_rel,probe0/m0
0.00031390777439810336,0.00027698022313416004,base+R,rel_rot,scannetpp,3.6927551263943315e-05,after_on_probe0_clean,0.4097999930381775,9071e139d9,theta_rel,probe0/m0
0.0010786354541778564,0.0005766749382019043,base+R,rel_tdir,scannetpp,0.0005019605159759521,after_on_probe0_clean,0.4097999930381775,9071e139d9,theta_rel,probe0/m0
0.17255455255508423,0.17226538062095642,base+t,maskdistill,scannetpp,0.0002891719341278076,after_on_input,0.6668105125427246,9071e139d9,theta_rel,probe0/m0
1.0343403118895367e-05,1.795671778381802e-05,base+t,rkd_sh_d,scannetpp,-7.613314664922655e-06,after_on_input,0.6668105125427246,9071e139d9,theta_rel,probe0/m0
0.004441066645085812,0.008764197118580341,base+t,rkd_sh_a,scannetpp,-0.00432313047349453,after_on_input,0.6668105125427246,9071e139d9,theta_rel,probe0/m0
0.00020382921502459794,6.558228778885677e-05,base+t,couple,scannetpp,0.00013824692723574117,after_on_input,0.6668105125427246,9071e139d9,theta_rel,probe0/m0
0.0014976579695940018,0.001338230213150382,base+t,rel_rot,scannetpp,0.00015942775644361973,after_on_input,0.6668105125427246,9071e139d9,theta_rel,probe0/m0
0.0057294368743896484,0.00993723701685667,base+t,rel_tdir,scannetpp,-0.004207800142467022,after_on_input,0.6668105125427246,9071e139d9,theta_rel,probe0/m0
0.035333938896656036,0.035280682146549225,base+t,maskdistill,scannetpp,5.3256750106811523e-05,after_on_probe0_clean,0.6668105125427246,9071e139d9,theta_rel,probe0/m0
4.554284259938868e-06,3.708980784722371e-06,base+t,rkd_sh_d,scannetpp,8.453034752164967e-07,after_on_probe0_clean,0.6668105125427246,9071e139d9,theta_rel,probe0/m0
0.0008038673549890518,0.0006696201162412763,base+t,rkd_sh_a,scannetpp,0.00013424723874777555,after_on_probe0_clean,0.6668105125427246,9071e139d9,theta_rel,probe0/m0
0.0004872838035225868,0.00047480594366788864,base+t,couple,scannetpp,1.2477859854698181e-05,after_on_probe0_clean,0.6668105125427246,9071e139d9,theta_rel,probe0/m0
0.0003115987638011575,0.00027698022313416004,base+t,rel_rot,scannetpp,3.461854066699743e-05,after_on_probe0_clean,0.6668105125427246,9071e139d9,theta_rel,probe0/m0
0.0007045269012451172,0.0005766749382019043,base+t,rel_tdir,scannetpp,0.0001278519630432129,after_on_probe0_clean,0.6668105125427246,9071e139d9,theta_rel,probe0/m0
0.17246896028518677,0.17226538062095642,base+R+t,maskdistill,scannetpp,0.00020357966423034668,after_on_input,0.6569249629974365,9071e139d9,theta_rel,probe0/m0
1.1205806913494598e-05,1.795671778381802e-05,base+R+t,rkd_sh_d,scannetpp,-6.750910870323423e-06,after_on_input,0.6569249629974365,9071e139d9,theta_rel,probe0/m0
0.004751593805849552,0.008764197118580341,base+R+t,rkd_sh_a,scannetpp,-0.004012603312730789,after_on_input,0.6569249629974365,9071e139d9,theta_rel,probe0/m0
0.00019379444711375982,6.558228778885677e-05,base+R+t,couple,scannetpp,0.00012821215932490304,after_on_input,0.6569249629974365,9071e139d9,theta_rel,probe0/m0
0.001463611493818462,0.001338230213150382,base+R+t,rel_rot,scannetpp,0.00012538128066807985,after_on_input,0.6569249629974365,9071e139d9,theta_rel,probe0/m0
0.006242623087018728,0.00993723701685667,base+R+t,rel_tdir,scannetpp,-0.003694613929837942,after_on_input,0.6569249629974365,9071e139d9,theta_rel,probe0/m0
0.035327717661857605,0.035280682146549225,base+R+t,maskdistill,scannetpp,4.703551530838013e-05,after_on_probe0_clean,0.6569249629974365,9071e139d9,theta_rel,probe0/m0
5.356975634640548e-06,3.708980784722371e-06,base+R+t,rkd_sh_d,scannetpp,1.6479948499181774e-06,after_on_probe0_clean,0.6569249629974365,9071e139d9,theta_rel,probe0/m0
0.0007297780248336494,0.0006696201162412763,base+R+t,rkd_sh_a,scannetpp,6.015790859237313e-05,after_on_probe0_clean,0.6569249629974365,9071e139d9,theta_rel,probe0/m0
0.0004666575405281037,0.00047480594366788864,base+R+t,couple,scannetpp,-8.148403139784932e-06,after_on_probe0_clean,0.6569249629974365,9071e139d9,theta_rel,probe0/m0
0.0002935655356850475,0.00027698022313416004,base+R+t,rel_rot,scannetpp,1.6585312550887465e-05,after_on_probe0_clean,0.6569249629974365,9071e139d9,theta_rel,probe0/m0
0.0005446275463327765,0.0005766749382019043,base+R+t,rel_tdir,scannetpp,-3.204739186912775e-05,after_on_probe0_clean,0.6569249629974365,9071e139d9,theta_rel,probe0/m0
