cond,couple,dataset,frames,input,maskdistill,rel_rot,rel_tdir,rkd_sh_a,rkd_sh_d,scene,state
clean,0.00520976772531867,scannetpp,26+93+120+130+153+242+277+322,probe0,0.15596912801265717,0.14939725399017334,0.08324144780635834,0.040770258754491806,0.019067782908678055,09c1414f1b,theta0
m0,0.004474327899515629,scannetpp,26+93+120+130+153+242+277+322,probe0,0.3653181493282318,1.4174299240112305,0.9120237231254578,0.11401106417179108,0.08578497171401978,09c1414f1b,theta0
m1,0.04206657409667969,scannetpp,26+93+120+130+153+242+277+322,probe0,0.3229416608810425,0.8534196615219116,0.1195702999830246,0.03734303265810013,0.018435034900903702,09c1414f1b,theta0
m2,0.021210944280028343,scannetpp,26+93+120+130+153+242+277+322,probe0,0.3818244934082031,1.6103768348693848,0.8811558485031128,0.04093668609857559,0.04571988433599472,09c1414f1b,theta0
m3,0.039583612233400345,scannetpp,26+93+120+130+153+242+277+322,probe0,0.34561365842819214,1.3374804258346558,0.21514591574668884,0.07349629700183868,0.037225689738988876,09c1414f1b,theta0
clean,0.0013776409905403852,scannetpp,23+59+68+228+239+336+346+367,probe1,0.10192538797855377,3.5861949920654297,0.3501224219799042,0.05303291603922844,0.011878594756126404,09c1414f1b,theta0
m0,0.012922316789627075,scannetpp,23+59+68+228+239+336+346+367,probe1,0.2795169949531555,3.825798511505127,0.669491171836853,0.065935418009758,0.01210229005664587,09c1414f1b,theta0
m1,0.00016190731548704207,scannetpp,23+59+68+228+239+336+346+367,probe1,0.3109380602836609,1.7476723194122314,0.19330327212810516,0.013683776371181011,0.004287170246243477,09c1414f1b,theta0
m2,0.024099458009004593,scannetpp,23+59+68+228+239+336+346+367,probe1,0.3117418885231018,2.4398555755615234,0.2621408998966217,0.004175899084657431,0.004453021567314863,09c1414f1b,theta0
m3,0.002302624750882387,scannetpp,23+59+68+228+239+336+346+367,probe1,0.2999357283115387,2.3954076766967773,0.3157234191894531,0.000752812426071614,0.0038085151463747025,09c1414f1b,theta0
clean,0.005577106960117817,scannetpp,26+93+120+130+153+242+277+322,probe0,0.15665504336357117,0.1501910537481308,0.09092119336128235,0.04291749745607376,0.020144669339060783,09c1414f1b,theta_base
m0,0.006672761868685484,scannetpp,26+93+120+130+153+242+277+322,probe0,0.36334195733070374,1.4637680053710938,0.871736466884613,0.10034972429275513,0.08102095127105713,09c1414f1b,theta_base
m1,0.05230218172073364,scannetpp,26+93+120+130+153+242+277+322,probe0,0.32004600763320923,0.6975128054618835,0.14294153451919556,0.045742180198431015,0.023367775604128838,09c1414f1b,theta_base
m2,0.031412120908498764,scannetpp,26+93+120+130+153+242+277+322,probe0,0.379075288772583,1.601176142692566,0.8977912664413452,0.030425122007727623,0.03795059770345688,09c1414f1b,theta_base
m3,0.029154125601053238,scannetpp,26+93+120+130+153+242+277+322,probe0,0.34049543738365173,0.9460330009460449,0.1371213048696518,0.062293440103530884,0.03519260883331299,09c1414f1b,theta_base
clean,0.0014274490531533957,scannetpp,23+59+68+228+239+336+346+367,probe1,0.10092142224311829,3.579143524169922,0.3444318175315857,0.05073292553424835,0.011659083887934685,09c1414f1b,theta_base
m0,0.00834060087800026,scannetpp,23+59+68+228+239+336+346+367,probe1,0.2778739035129547,3.209704875946045,0.649165153503418,0.05121726915240288,0.008485835045576096,09c1414f1b,theta_base
m1,0.00013851489347871393,scannetpp,23+59+68+228+239+336+346+367,probe1,0.30686163902282715,1.7634366750717163,0.17084062099456787,0.012738990597426891,0.005351491272449493,09c1414f1b,theta_base
m2,0.02479615807533264,scannetpp,23+59+68+228+239+336+346+367,probe1,0.3082299828529358,2.449310064315796,0.2588336765766144,0.003146898467093706,0.005055452696979046,09c1414f1b,theta_base
m3,0.002580533502623439,scannetpp,23+59+68+228+239+336+346+367,probe1,0.2994075417518616,2.3903465270996094,0.31461209058761597,0.0007383694755844772,0.0034605911932885647,09c1414f1b,theta_base
clean,0.0053019290789961815,scannetpp,26+93+120+130+153+242+277+322,probe0,0.15434125065803528,0.14856281876564026,0.08458217978477478,0.041116341948509216,0.01927369087934494,09c1414f1b,theta_rel
m0,0.0032981738913804293,scannetpp,26+93+120+130+153+242+277+322,probe0,0.3652417063713074,1.383392095565796,0.9134129285812378,0.11473047733306885,0.08598043769598007,09c1414f1b,theta_rel
m1,0.04580209031701088,scannetpp,26+93+120+130+153+242+277+322,probe0,0.3212706446647644,0.7588075399398804,0.12691260874271393,0.03962455689907074,0.02002040296792984,09c1414f1b,theta_rel
m2,0.035751763731241226,scannetpp,26+93+120+130+153+242+277+322,probe0,0.38080349564552307,1.603074312210083,0.9130164980888367,0.03450768440961838,0.0397787019610405,09c1414f1b,theta_rel
m3,0.0381307452917099,scannetpp,26+93+120+130+153+242+277+322,probe0,0.3438960909843445,1.1372184753417969,0.15972140431404114,0.06548993289470673,0.035761669278144836,09c1414f1b,theta_rel
clean,0.001930074766278267,scannetpp,23+59+68+228+239+336+346+367,probe1,0.1015009954571724,3.598520040512085,0.3585578203201294,0.05645386502146721,0.011834083124995232,09c1414f1b,theta_rel
m0,0.012103754095733166,scannetpp,23+59+68+228+239+336+346+367,probe1,0.2790352404117584,3.6340107917785645,0.6623274087905884,0.06036244332790375,0.010576996020972729,09c1414f1b,theta_rel
m1,0.0001906266261357814,scannetpp,23+59+68+228+239+336+346+367,probe1,0.3094820976257324,1.7343599796295166,0.17960011959075928,0.01336629968136549,0.004833704326301813,09c1414f1b,theta_rel
m2,0.024652371183037758,scannetpp,23+59+68+228+239+336+346+367,probe1,0.31016671657562256,2.443112850189209,0.258267343044281,0.0030658352188766003,0.004883916117250919,09c1414f1b,theta_rel
m3,0.003247041255235672,scannetpp,23+59+68+228+239+336+346+367,probe1,0.29965367913246155,2.3905093669891357,0.31700393557548523,0.0006605977541767061,0.0035702320747077465,09c1414f1b,theta_rel
clean,1.4501935766020324e-05,scannetpp,14+19+25+26+31+82+84+96,probe0,0.0073629398830235004,3.8857251638546586e-05,0.00010444720828672871,5.839237019245047e-06,9.379327821079642e-06,1ada7a0617,theta0
m0,0.000209974154131487,scannetpp,14+19+25+26+31+82+84+96,probe0,0.15149736404418945,4.93372353957966e-05,0.0006046692724339664,5.920865078223869e-05,3.863186975650024e-06,1ada7a0617,theta0
m1,0.00035183344152756035,scannetpp,14+19+25+26+31+82+84+96,probe0,0.16445806622505188,0.00010150670277653262,0.0006137490272521973,0.00012052943930029869,0.00010257936082780361,1ada7a0617,theta0
m2,0.00021144501806702465,scannetpp,14+19+25+26+31+82+84+96,probe0,0.15634876489639282,7.427991658914834e-05,0.00025323033332824707,6.463898898800835e-05,0.0003205403918400407,1ada7a0617,theta0
m3,1.0324443792342208e-05,scannetpp,14+19+25+26+31+82+84+96,probe0,0.1582639068365097,0.00014801256475038826,9.98079776763916e-05,6.34837078905548e-06,5.509505717782304e-05,1ada7a0617,theta0
clean,0.00014264907804317772,scannetpp,17+44+49+66+70+87+92+96,probe1,0.010065668262541294,6.732422662025783e-06,2.0563602447509766e-05,1.887125108623877e-05,3.435060989431804e-06,1ada7a0617,theta0
m0,0.0005450777825899422,scannetpp,17+44+49+66+70+87+92+96,probe1,0.16978006064891815,0.00030211664852686226,0.0022976300679147243,0.0006327846786007285,3.66941858374048e-05,1ada7a0617,theta0
m1,0.00015205965610221028,scannetpp,17+44+49+66+70+87+92+96,probe1,0.16204321384429932,0.00030818814411759377,0.0007606645813211799,0.0008805346442386508,4.812174302060157e-05,1ada7a0617,theta0
m2,0.00013082539953757077,scannetpp,17+44+49+66+70+87+92+96,probe1,0.1565541923046112,0.00013357933494262397,0.0003368854522705078,8.049934695009142e-05,0.00012168270768597722,1ada7a0617,theta0
m3,0.0004522065573837608,scannetpp,17+44+49+66+70+87+92+96,probe1,0.1617840677499771,0.00015848298789933324,0.0006519159069284797,0.0004083823296241462,4.3953346903435886e-05,1ada7a0617,theta0
clean,1.9375869669602253e-05,scannetpp,14+19+25+26+31+82+84+96,probe0,0.007405146025121212,4.3716740037780255e-05,0.0001138448715209961,9.452873200643808e-06,4.334074674261501e-06,1ada7a0617,theta_base
m0,0.00018554064445197582,scannetpp,14+19+25+26+31+82+84+96,probe0,0.15074670314788818,5.507106470759027e-05,0.0005900065298192203,5.6394957937300205e-05,2.9290481506905053e-06,1ada7a0617,theta_base
m1,0.00038737370050512254,scannetpp,14+19+25+26+31+82+84+96,probe0,0.16347868740558624,0.00010828825179487467,0.0005971193313598633,0.00011428828292991966,9.055972623173147e-05,1ada7a0617,theta_base
m2,0.00015668064588680863,scannetpp,14+19+25+26+31+82+84+96,probe0,0.15536481142044067,5.854699338669889e-05,0.00021567940711975098,5.601660814136267e-05,0.0002888083690777421,1ada7a0617,theta_base
m3,1.0583803486952092e-06,scannetpp,14+19+25+26+31+82+84+96,probe0,0.15752804279327393,0.00014711750554852188,9.951989341061562e-05,6.480964657384902e-06,6.0042435507057235e-05,1ada7a0617,theta_base
clean,0.00011505421571200714,scannetpp,17+44+49+66+70+87+92+96,probe1,0.010130377486348152,1.0481446224730462e-05,2.2530555725097656e-05,3.0685405363328755e-05,3.375873120603501e-06,1ada7a0617,theta_base
m0,0.0006054195109754801,scannetpp,17+44+49+66+70+87+92+96,probe1,0.16872447729110718,0.0002985102473758161,0.0023361644707620144,0.0006348516326397657,3.660543370642699e-05,1ada7a0617,theta_base
m1,0.00019756016263272613,scannetpp,17+44+49+66+70+87+92+96,probe1,0.16117610037326813,0.0003333968052174896,0.0007124344701878726,0.0008172451052814722,5.4211672249948606e-05,1ada7a0617,theta_base
m2,0.00014302520139608532,scannetpp,17+44+49+66+70+87+92+96,probe1,0.15548250079154968,0.00013528564886655658,0.0002862016553990543,7.140425441320986e-05,0.00011861585517181084,1ada7a0617,theta_base
m3,0.00037842110032215714,scannetpp,17+44+49+66+70+87+92+96,probe1,0.16052833199501038,0.0001627716119401157,0.0006910165539011359,0.0004654493532143533,4.204609649605118e-05,1ada7a0617,theta_base
clean,2.3671034796279855e-05,scannetpp,14+19+25+26+31+82+84+96,probe0,0.007366379722952843,6.706541171297431e-05,0.00014022986579220742,1.2094478734070435e-05,3.831192771031056e-06,1ada7a0617,theta_rel
m0,0.000172170257428661,scannetpp,14+19+25+26+31+82+84+96,probe0,0.14973367750644684,4.4957858335692436e-05,0.0006142159691080451,7.033658039290458e-05,4.278642336430494e-06,1ada7a0617,theta_rel
m1,0.0003512165858410299,scannetpp,14+19+25+26+31+82+84+96,probe0,0.16235993802547455,8.665705536259338e-05,0.0007030864944681525,0.00015292830357793719,7.179912063293159e-05,1ada7a0617,theta_rel
m2,0.00015299896767828614,scannetpp,14+19+25+26+31+82+84+96,probe0,0.1543084681034088,7.260595157276839e-05,0.00020601353025995195,5.474537465488538e-05,0.00026354353758506477,1ada7a0617,theta_rel
m3,6.749230124114547e-06,scannetpp,14+19+25+26+31+82+84+96,probe0,0.15660899877548218,8.416055061388761e-05,9.491046512266621e-05,5.4757047109887935e-06,5.956992390565574e-05,1ada7a0617,theta_rel
clean,0.00013232680794317275,scannetpp,17+44+49+66+70+87+92+96,probe1,0.010124812833964825,2.463719283696264e-05,3.692507743835449e-05,5.117694308864884e-05,3.5329612728673965e-06,1ada7a0617,theta_rel
m0,0.00043318048119544983,scannetpp,17+44+49+66+70+87+92+96,probe1,0.1673281490802765,0.00027998624136671424,0.002288738964125514,0.0006164457299746573,3.196245961589739e-05,1ada7a0617,theta_rel
m1,0.00026113056810572743,scannetpp,17+44+49+66+70+87+92+96,probe1,0.1600291132926941,0.0002868768642656505,0.000670532404910773,0.0006880883011035621,5.295850496622734e-05,1ada7a0617,theta_rel
m2,0.00014711718540638685,scannetpp,17+44+49+66+70+87+92+96,probe1,0.15437909960746765,0.0001354934211121872,0.0002851088938768953,7.504345558118075e-05,0.00010640617983881384,1ada7a0617,theta_rel
m3,0.0003468780778348446,scannetpp,17+44+49+66+70+87+92+96,probe1,0.15924829244613647,0.00013326136104296893,0.0005892813205718994,0.0003801328130066395,2.499171932868194e-05,1ada7a0617,theta_rel
clean,1.2988241905986797e-05,scannetpp,56+85+100+167+195+218+258+302,probe0,0.02562834322452545,6.978146848268807e-05,0.001237849472090602,0.000928500376176089,0.00014737615128979087,21d970d8de,theta0
m0,0.0009344966965727508,scannetpp,56+85+100+167+195+218+258+302,probe0,0.1867079883813858,0.0006781278061680496,0.002689759014174342,0.0021966544445604086,0.000233097787713632,21d970d8de,theta0
m1,0.00030145348864607513,scannetpp,56+85+100+167+195+218+258+302,probe0,0.18684358894824982,0.000364477135008201,0.00029210251523181796,0.0003806237073149532,0.0001772965770214796,21d970d8de,theta0
m2,0.000882364169228822,scannetpp,56+85+100+167+195+218+258+302,probe0,0.18643611669540405,0.0002828469732776284,0.0013928711414337158,0.0011674630222842097,0.0003218764904886484,21d970d8de,theta0
m3,0.00014659532462246716,scannetpp,56+85+100+167+195+218+258+302,probe0,0.17497864365577698,7.381470641121268e-05,0.0003549655375536531,0.0003390800557099283,4.2653013224480674e-05,21d970d8de,theta0
clean,5.764061370427953e-07,scannetpp,109+114+132+155+157+163+276+306,probe1,0.02964107319712639,0.0002049360191449523,0.0003388921613804996,0.00032927136635407805,2.126417530234903e-05,21d970d8de,theta0
m0,2.832678774211672e-06,scannetpp,109+114+132+155+157+163+276+306,probe1,0.1843775361776352,0.0005986432661302388,0.0007758637657389045,0.00010283083975082263,6.152645801194012e-05,21d970d8de,theta0
m1,5.3844745707465336e-05,scannetpp,109+114+132+155+157+163+276+306,probe1,0.17813065648078918,0.0002491224731784314,0.00016088287520688027,9.91197521216236e-05,1.2327836884651333e-05,21d970d8de,theta0
m2,0.0002988131018355489,scannetpp,109+114+132+155+157+163+276+306,probe1,0.182327002286911,0.0006886321352794766,0.0015399059047922492,0.001760006882250309,6.148777174530551e-05,21d970d8de,theta0
m3,0.00024195414152927697,scannetpp,109+114+132+155+157+163+276+306,probe1,0.17027217149734497,0.0006122245686128736,0.0009629428386688232,0.0005106392200104892,0.0003959363675676286,21d970d8de,theta0
clean,9.432110346097033e-06,scannetpp,56+85+100+167+195+218+258+302,probe0,0.024779196828603745,6.190250860527158e-05,0.0012543698539957404,0.0009472317760810256,0.00013217132072895765,21d970d8de,theta_base
m0,0.0009966151556000113,scannetpp,56+85+100+167+195+218+258+302,probe0,0.181751549243927,0.0004867275129072368,0.0023400387726724148,0.0019084460800513625,0.00019300109124742448,21d970d8de,theta_base
m1,0.00029632641235366464,scannetpp,56+85+100+167+195+218+258+302,probe0,0.18059061467647552,0.0002870618482120335,0.00029143691062927246,0.00037762089050374925,0.00020486056746449322,21d970d8de,theta_base
m2,0.000578306324314326,scannetpp,56+85+100+167+195+218+258+302,probe0,0.18016238510608673,0.0002577929408289492,0.0010850231628865004,0.000886624853592366,0.00022816930140834302,21d970d8de,theta_base
m3,0.0001435863960068673,scannetpp,56+85+100+167+195+218+258+302,probe0,0.1704348623752594,7.6696538599208e-05,0.00042063993168994784,0.0003948834491893649,4.668156907428056e-05,21d970d8de,theta_base
clean,6.442247695304104e-07,scannetpp,109+114+132+155+157+163+276+306,probe1,0.028182726353406906,0.00023722508922219276,0.0004398226737976074,0.00043820840073749423,2.5346322217956185e-05,21d970d8de,theta_base
m0,1.4966716435083072e-06,scannetpp,109+114+132+155+157+163+276+306,probe1,0.17890770733356476,0.0005175461410544813,0.000541945337317884,0.0001045429817168042,7.2360438934993e-05,21d970d8de,theta_base
m1,3.6412591725820675e-05,scannetpp,109+114+132+155+157+163+276+306,probe1,0.17181579768657684,0.0002451138570904732,0.00022036831069272012,0.0001565496640978381,1.1728490790119395e-05,21d970d8de,theta_base
m2,0.00010407696390757337,scannetpp,109+114+132+155+157+163+276+306,probe1,0.17303355038166046,0.0005994744133204222,0.00033427280141040683,0.00017806430696509778,2.0417688574525528e-05,21d970d8de,theta_base
m3,1.4055992323847022e-05,scannetpp,109+114+132+155+157+163+276+306,probe1,0.16641771793365479,0.0003932968247681856,0.0006212294101715088,0.00037082433118484914,5.309972038958222e-05,21d970d8de,theta_base
clean,1.870500091172289e-05,scannetpp,56+85+100+167+195+218+258+302,probe0,0.02500981092453003,0.00019715400412678719,0.0013437470188364387,0.0009093292756006122,0.00013556424528360367,21d970d8de,theta_rel
m0,0.0010820486349985003,scannetpp,56+85+100+167+195+218+258+302,probe0,0.18328022956848145,0.0004510814032983035,0.002844145055860281,0.0021360469982028008,0.00020517331722658128,21d970d8de,theta_rel
m1,0.00028541774372570217,scannetpp,56+85+100+167+195+218+258+302,probe0,0.18222098052501678,0.00022024917416274548,0.00030431151390075684,0.00032697743154130876,0.000182990450412035,21d970d8de,theta_rel
m2,0.0007597759831696749,scannetpp,56+85+100+167+195+218+258+302,probe0,0.18199566006660461,0.0004078489728271961,0.0015253623714670539,0.001103537855669856,0.00027931330259889364,21d970d8de,theta_rel
m3,0.00017281805048696697,scannetpp,56+85+100+167+195+218+258+302,probe0,0.1714964509010315,0.00014222791651263833,0.00047470134450122714,0.0003735243226401508,4.88933983433526e-05,21d970d8de,theta_rel
clean,1.6340028423655895e-06,scannetpp,109+114+132+155+157+163+276+306,probe1,0.02855551615357399,0.0005128550110384822,0.0005012750625610352,0.00044582266127690673,2.212144318036735e-05,21d970d8de,theta_rel
m0,4.730380169348791e-06,scannetpp,109+114+132+155+157+163+276+306,probe1,0.1832137554883957,0.0007261248538270593,0.0007029175758361816,0.00014758211909793317,0.000115144532173872,21d970d8de,theta_rel
m1,3.935241693397984e-05,scannetpp,109+114+132+155+157+163+276+306,probe1,0.1736709326505661,0.0002543036825954914,0.000268121570115909,0.00027556504937820137,1.1303513019811362e-05,21d970d8de,theta_rel
m2,0.00010267342440783978,scannetpp,109+114+132+155+157+163+276+306,probe1,0.17565011978149414,0.0004636267840396613,0.0007465680828318,0.0006998530589044094,2.7546911951503716e-05,21d970d8de,theta_rel
m3,1.0705573913583066e-05,scannetpp,109+114+132+155+157+163+276+306,probe1,0.1675785928964615,0.0004279751447029412,0.0005370776052586734,0.00025741837453097105,6.321314140222967e-05,21d970d8de,theta_rel
clean,2.70759005616128e-06,scannetpp,9+20+42+31+76+54+110+65,probe0,0.009500250220298767,6.920049781911075e-05,6.663799285888672e-05,3.7720808450103505e-06,1.6899710999496165e-06,7bc286c1b6,theta0
m0,2.62167964137916e-06,scannetpp,9+20+42+31+76+54+110+65,probe0,0.1591111272573471,0.0004238355322740972,0.00033411383628845215,6.763069450244075e-06,1.0564249350863975e-05,7bc286c1b6,theta0
m1,1.405001967214048e-06,scannetpp,9+20+42+31+76+54+110+65,probe0,0.15331792831420898,0.0015955644194036722,0.00044868391705676913,0.00010260984709020704,8.247952064266428e-05,7bc286c1b6,theta0
m2,0.0002443800331093371,scannetpp,9+20+42+31+76+54+110+65,probe0,0.15820395946502686,0.0008116946555674076,0.00011311968410154805,0.0001219201585627161,3.48163339367602e-05,7bc286c1b6,theta0
m3,4.290617653168738e-06,scannetpp,9+20+42+31+76+54+110+65,probe0,0.1547476053237915,0.0014364882372319698,0.0010765990009531379,5.7090735936071724e-05,7.495880254282383e-06,7bc286c1b6,theta0
clean,1.1803427696577273e-05,scannetpp,6+18+40+29+74+51+108+63,probe1,0.013346322812139988,0.0002503855503164232,7.136663043638691e-05,2.392063288425561e-05,3.525660576997325e-05,7bc286c1b6,theta0
m0,2.922053909060196e-06,scannetpp,6+18+40+29+74+51+108+63,probe1,0.16162967681884766,0.0013979077339172363,0.0004598299856297672,0.0003195189347025007,4.1058439819607884e-05,7bc286c1b6,theta0
m1,0.0002000857057282701,scannetpp,6+18+40+29+74+51+108+63,probe1,0.16680090129375458,0.0007762644672766328,0.00033357739448547363,0.0001244204759132117,6.350536568788812e-05,7bc286c1b6,theta0
m2,8.23634945845697e-06,scannetpp,6+18+40+29+74+51+108+63,probe1,0.1668470799922943,0.000950460322201252,0.0009832283249124885,0.0003941362665500492,1.8546474166214466e-05,7bc286c1b6,theta0
m3,0.00014912149345036596,scannetpp,6+18+40+29+74+51+108+63,probe1,0.16771149635314941,0.0006301084067672491,0.00032649439526721835,0.00039771111914888024,9.832577779889107e-05,7bc286c1b6,theta0
clean,6.28789439360844e-06,scannetpp,9+20+42+31+76+54+110+65,probe0,0.010678388178348541,7.67827732488513e-05,8.417169738095254e-05,2.489865801180713e-05,6.520958777400665e-07,7bc286c1b6,theta_base
m0,2.588624283816898e-07,scannetpp,9+20+42+31+76+54+110+65,probe0,0.12628144025802612,0.000724612909834832,0.0006064176559448242,0.0003116183797828853,1.7281279724556953e-05,7bc286c1b6,theta_base
m1,4.9111022804027016e-08,scannetpp,9+20+42+31+76+54+110+65,probe0,0.12170606851577759,0.001256817253306508,0.0007345875492319465,5.534370939130895e-05,4.7673540393589064e-05,7bc286c1b6,theta_base
m2,6.930828385520726e-05,scannetpp,9+20+42+31+76+54+110+65,probe0,0.12584879994392395,0.0006522547919303179,0.00015189251280389726,5.496067751664668e-05,2.3842610971769318e-05,7bc286c1b6,theta_base
m3,2.9487306164810434e-05,scannetpp,9+20+42+31+76+54+110+65,probe0,0.12350255995988846,0.001063233707100153,0.0004886289825662971,1.1336631359881721e-05,9.08368565433193e-06,7bc286c1b6,theta_base
clean,6.351576303131878e-06,scannetpp,6+18+40+29+74+51+108+63,probe1,0.013402855023741722,0.0001365355565212667,7.218122482299805e-05,4.978609649697319e-05,3.241385638830252e-05,7bc286c1b6,theta_base
m0,4.210374299873365e-06,scannetpp,6+18+40+29+74+51+108+63,probe1,0.12700970470905304,0.0009723537368699908,0.00048605602933093905,0.00017509532335679978,2.6406041797599755e-05,7bc286c1b6,theta_base
m1,3.4816279367078096e-05,scannetpp,6+18+40+29+74+51+108+63,probe1,0.13106068968772888,0.0005480846157297492,0.00018778443336486816,2.0400744688231498e-05,3.0262497148214607e-06,7bc286c1b6,theta_base
m2,9.593610172942135e-08,scannetpp,6+18+40+29+74+51+108+63,probe1,0.13264502584934235,0.0004630807088688016,0.0007242063875310123,5.084513031761162e-05,4.5127642806619406e-05,7bc286c1b6,theta_base
m3,2.5099590857280418e-05,scannetpp,6+18+40+29+74+51+108+63,probe1,0.13107317686080933,0.00046839716378599405,0.00020182132720947266,0.00022428912052419037,7.921835640445352e-05,7bc286c1b6,theta_base
clean,5.405340289144078e-06,scannetpp,9+20+42+31+76+54+110+65,probe0,0.010091875679790974,4.9750986363505945e-05,2.745787423918955e-05,2.192311512771994e-05,1.0160241572521045e-06,7bc286c1b6,theta_rel
m0,9.654630957811605e-06,scannetpp,9+20+42+31+76+54+110+65,probe0,0.12937374413013458,0.0008248809026554227,0.00025807818747125566,9.116817818721756e-05,5.859369593963493e-06,7bc286c1b6,theta_rel
m1,4.025415876185434e-07,scannetpp,9+20+42+31+76+54+110+65,probe0,0.12496936321258545,0.0013013738207519054,0.00032879909849725664,6.606985698454082e-05,5.4423726396635175e-05,7bc286c1b6,theta_rel
m2,0.0001039031267282553,scannetpp,9+20+42+31+76+54+110+65,probe0,0.1290082484483719,0.0007409105310216546,6.959836173336953e-05,7.33674387447536e-05,2.6391084247734398e-05,7bc286c1b6,theta_rel
m3,1.9886876543750986e-05,scannetpp,9+20+42+31+76+54+110+65,probe0,0.1264454573392868,0.0006897703278809786,0.0002500911650713533,3.442527668084949e-05,5.4131860451889224e-06,7bc286c1b6,theta_rel
clean,7.757537787256297e-06,scannetpp,6+18+40+29+74+51+108+63,probe1,0.013069081120193005,0.00017876620404422283,6.482999015133828e-05,4.2939056584145874e-05,2.4043305529630743e-05,7bc286c1b6,theta_rel
m0,1.3153199688531458e-05,scannetpp,6+18+40+29+74+51+108+63,probe1,0.13017551600933075,0.001137258717790246,0.0006151596899144351,0.0002350382274016738,3.162536449963227e-05,7bc286c1b6,theta_rel
m1,2.227645381935872e-05,scannetpp,6+18+40+29+74+51+108+63,probe1,0.1345296949148178,0.00047242105938494205,8.066495502134785e-05,8.757406249060296e-07,2.695203420444159e-06,7bc286c1b6,theta_rel
m2,5.98608721702476e-07,scannetpp,6+18+40+29+74+51+108+63,probe1,0.13602188229560852,0.00041125048301182687,0.0004919668426737189,4.562783578876406e-05,4.539867950370535e-05,7bc286c1b6,theta_rel
m3,6.324527930701151e-05,scannetpp,6+18+40+29+74+51+108+63,probe1,0.13474011421203613,0.0003917740541510284,0.00015781323600094765,0.00031789724016562104,7.818292215233669e-05,7bc286c1b6,theta_rel
clean,0.0006150511908344924,scannetpp,1+54+87+108+111+154+200+204,probe0,0.036956481635570526,0.0004164344572927803,0.0008865892887115479,0.0008949683979153633,4.416172487253789e-06,9071e139d9,theta0
m0,0.00020162439614068717,scannetpp,1+54+87+108+111+154+200+204,probe0,0.17607928812503815,0.001449959585443139,0.007900248281657696,0.007126201875507832,1.7214186300407164e-05,9071e139d9,theta0
m1,0.0016032279236242175,scannetpp,1+54+87+108+111+154+200+204,probe0,0.19182729721069336,0.0007531394949182868,0.016607940196990967,0.019520213827490807,0.00017148045299109071,9071e139d9,theta0
m2,0.00015759481175336987,scannetpp,1+54+87+108+111+154+200+204,probe0,0.1779952347278595,0.0006515737622976303,0.005659034010022879,0.0038300517480820417,2.132419467670843e-05,9071e139d9,theta0
m3,4.539873259545857e-07,scannetpp,1+54+87+108+111+154+200+204,probe0,0.18319690227508545,0.0004721200093626976,0.000726123689673841,9.654452878748998e-05,1.6625741409370676e-05,9071e139d9,theta0
clean,4.6850724174873903e-05,scannetpp,66+72+79+110+162+188+214+226,probe1,0.008698688820004463,8.006451935216319e-06,1.2248754501342773e-05,5.585558028542437e-06,3.787278546951711e-05,9071e139d9,theta0
m0,2.4787261736491928e-06,scannetpp,66+72+79+110+162+188+214+226,probe1,0.15448017418384552,0.00013562006643041968,0.00010628502059262246,1.0047881914942991e-05,4.3955587898381054e-05,9071e139d9,theta0
m1,9.208022788698145e-08,scannetpp,66+72+79+110+162+188+214+226,probe1,0.15810956060886383,0.0001641271956032142,0.00023370981216430664,0.00014129310147836804,1.910985156428069e-05,9071e139d9,theta0
m2,0.0002729643601924181,scannetpp,66+72+79+110+162+188+214+226,probe1,0.15600207448005676,0.00042326070251874626,0.00019292037177365273,0.00011245255882386118,6.367650712491013e-06,9071e139d9,theta0
m3,0.0011474380735307932,scannetpp,66+72+79+110+162+188+214+226,probe1,0.15821672976016998,0.00012947508366778493,0.0008664727210998535,0.0006971363327465951,0.00026098216767422855,9071e139d9,theta0
clean,0.0004964219988323748,scannetpp,1+54+87+108+111+154+200+204,probe0,0.03482506051659584,0.00030947825871407986,0.0005834301700815558,0.0007168682641349733,3.842370006168494e-06,9071e139d9,theta_base
m0,0.00014804366219323128,scannetpp,1+54+87+108+111+154+200+204,probe0,0.1698428988456726,0.00137430801987648,0.008195212110877037,0.00667575141415,1.5585063010803424e-05,9071e139d9,theta_base
m1,0.0008247668738476932,scannetpp,1+54+87+108+111+154+200+204,probe0,0.18522214889526367,0.0005505710723809898,0.00856588315218687,0.01130314078181982,0.0001230371417477727,9071e139d9,theta_base
m2,2.949458939838223e-05,scannetpp,1+54+87+108+111+154+200+204,probe0,0.17088152468204498,0.0006359864491969347,0.00360909104347229,0.0012580517213791609,1.872207758424338e-05,9071e139d9,theta_base
m3,1.952188540599309e-06,scannetpp,1+54+87+108+111+154+200+204,probe0,0.1770094335079193,0.00042600833694450557,0.001037855981849134,0.0003636197652667761,1.945358599186875e-05,9071e139d9,theta_base
clean,3.8984606362646446e-05,scannetpp,66+72+79+110+162+188+214+226,probe1,0.00864073820412159,3.558973730832804e-06,1.3053417205810547e-05,5.174535090191057e-06,4.052120493724942e-05,9071e139d9,theta_base
m0,1.7889055925479624e-07,scannetpp,66+72+79+110+162+188+214+226,probe1,0.14907045662403107,0.00011855010961880907,8.081396663328633e-05,7.660721166757867e-06,3.9762904634699225e-05,9071e139d9,theta_base
m1,2.377862074354198e-06,scannetpp,66+72+79+110+162+188+214+226,probe1,0.15218478441238403,0.00020965590374544263,0.0002651810646057129,0.0001557452487759292,2.9203167287050746e-05,9071e139d9,theta_base
m2,0.0003026468330062926,scannetpp,66+72+79+110+162+188+214+226,probe1,0.1505202353000641,0.0004245496529620141,0.00024937590933404863,0.00016416815924458206,8.829527359921485e-06,9071e139d9,theta_base
m3,0.0012017936678603292,scannetpp,66+72+79+110+162+188+214+226,probe1,0.15217278897762299,0.00012234339374117553,0.0009014209499582648,0.0007314103422686458,0.00022780556173529476,9071e139d9,theta_base
clean,0.00047480594366788864,scannetpp,1+54+87+108+111+154+200+204,probe0,0.035280682146549225,0.00027698022313416004,0.0005766749382019043,0.0006696201162412763,3.708980784722371e-06,9071e139d9,theta_rel
m0,6.558228778885677e-05,scannetpp,1+54+87+108+111+154+200+204,probe0,0.17226538062095642,0.001338230213150382,0.00993723701685667,0.008764197118580341,1.795671778381802e-05,9071e139d9,theta_rel
m1,0.0009160633198916912,scannetpp,1+54+87+108+111+154+200+204,probe0,0.18817882239818573,0.0005165999173186719,0.009388050064444542,0.012486347928643227,0.0001266009930986911,9071e139d9,theta_rel
m2,0.00012894206156488508,scannetpp,1+54+87+108+111+154+200+204,probe0,0.17467975616455078,0.0006799354450777173,0.004137367010116577,0.00219772569835186,2.3741366021567956e-05,9071e139d9,theta_rel
m3,2.2553542748937616e-06,scannetpp,1+54+87+108+111+154+200+204,probe0,0.17999833822250366,0.00047580263344570994,0.000822564004920423,0.0001362944021821022,2.024856257776264e-05,9071e139d9,theta_rel
clean,2.8554868549690582e-05,scannetpp,66+72+79+110+162+188+214+226,probe1,0.008671036921441555,1.0660590305633377e-05,1.3202428817749023e-05,4.107024324184749e-06,4.243371222401038e-05,9071e139d9,theta_rel
m0,8.974838010544772e-07,scannetpp,66+72+79+110+162+188+214+226,probe1,0.1516391932964325,0.00013056083116680384,8.403261745115742e-05,5.0871290113718715e-06,3.931552782887593e-05,9071e139d9,theta_rel
m1,1.6417836832260946e-06,scannetpp,66+72+79+110+162+188+214+226,probe1,0.15496978163719177,0.00019205379066988826,0.0002438922820147127,0.00015143901691772044,2.3613258235855028e-05,9071e139d9,theta_rel
m2,0.00030505729955621064,scannetpp,66+72+79+110+162+188+214+226,probe1,0.15325409173965454,0.000439592229668051,0.00021839141845703125,0.00014441765961237252,5.334053184924414e-06,9071e139d9,theta_rel
m3,0.001175224781036377,scannetpp,66+72+79+110+162+188+214+226,probe1,0.15503183007240295,0.00013793382095173,0.0009373625507578254,0.0007555254269391298,0.00023601818247698247,9071e139d9,theta_rel
