BASE,cond,couple,dataset,group,maskdistill,probe,rel_rot,rel_tdir,rkd_sh_a,rkd_sh_d,scene,state
2.1654906272888184,clean,0.25887978076934814,scannetpp,lora_early,0.29399824142456055,probe0,0.5307644009590149,3.437288761138916,0.8682843446731567,0.3586738705635071,09c1414f1b,theta0
1.0212798118591309,clean,0.12456800788640976,scannetpp,lora_late,0.16107511520385742,probe0,0.28020182251930237,1.6044609546661377,0.3983420133590698,0.15644794702529907,09c1414f1b,theta0
0.19573557376861572,clean,0.0236374419182539,scannetpp,cam_token,0.021475274115800858,probe0,0.05917327478528023,0.3138084411621094,0.08015116304159164,0.03275094926357269,09c1414f1b,theta0
2.4022228717803955,clean,0.2882614731788635,scannetpp,ALL,0.335918664932251,probe0,0.6030964851379395,3.8062744140625,0.9586544632911682,0.392677366733551,09c1414f1b,theta0
2.3513948917388916,m0,0.422214537858963,scannetpp,lora_early,0.26938194036483765,probe0,6.607545375823975,2.871931552886963,1.0043110847473145,0.2527742385864258,09c1414f1b,theta0
0.8718753457069397,m0,0.16965556144714355,scannetpp,lora_late,0.09324464946985245,probe0,2.3883113861083984,1.068378210067749,0.3719402551651001,0.09788214415311813,09c1414f1b,theta0
0.1491377353668213,m0,0.026222115382552147,scannetpp,cam_token,0.012288117781281471,probe0,0.43166330456733704,0.18918216228485107,0.06357001513242722,0.020688682794570923,09c1414f1b,theta0
2.512263298034668,m0,0.45578035712242126,scannetpp,ALL,0.285328209400177,probe0,7.039177417755127,3.0700509548187256,1.0728566646575928,0.2718524634838104,09c1414f1b,theta0
2.2873375415802,clean,0.1018349751830101,scannetpp,lora_early,0.14268283545970917,probe1,27.77202796936035,4.01709508895874,1.5183290243148804,0.05306259170174599,09c1414f1b,theta0
0.6097509264945984,clean,0.035643454641103745,scannetpp,lora_late,0.0456995889544487,probe1,6.845513820648193,1.1405091285705566,0.3897485136985779,0.022956285625696182,09c1414f1b,theta0
0.08849392831325531,clean,0.004789925646036863,scannetpp,cam_token,0.007512548007071018,probe1,1.1450453996658325,0.16775530576705933,0.05891731008887291,0.002837792504578829,09c1414f1b,theta0
2.368868827819824,clean,0.10799890011548996,scannetpp,ALL,0.15001094341278076,probe1,28.626171112060547,4.179229259490967,1.5686613321304321,0.05788508430123329,09c1414f1b,theta0
6.150264739990234,m0,0.948553204536438,scannetpp,lora_early,0.17014460265636444,probe1,134.460205078125,4.859346389770508,2.546475887298584,0.8262181282043457,09c1414f1b,theta0
0.7562413811683655,m0,0.1352827399969101,scannetpp,lora_late,0.03096051886677742,probe1,17.97718620300293,0.5961344838142395,0.3050149083137512,0.09958609938621521,09c1414f1b,theta0
0.1651005744934082,m0,0.02668774127960205,scannetpp,cam_token,0.00537085859104991,probe1,3.7235050201416016,0.13914917409420013,0.0680413544178009,0.023220239207148552,09c1414f1b,theta0
6.198782920837402,m0,0.9585232138633728,scannetpp,ALL,0.17302191257476807,probe1,135.70773315429688,4.8977532386779785,2.5655806064605713,0.8325220346450806,09c1414f1b,theta0
1.281510353088379,clean,0.24584268033504486,scannetpp,lora_early,0.6212196350097656,probe0,0.6381466388702393,1.756335735321045,0.3881516456604004,0.193163201212883,09c1414f1b,theta_base
0.7469812035560608,clean,0.13045623898506165,scannetpp,lora_late,0.29195114970207214,probe0,0.3451234996318817,1.0726406574249268,0.24159102141857147,0.1039445549249649,09c1414f1b,theta_base
0.08863521367311478,clean,0.018305258825421333,scannetpp,cam_token,0.052614279091358185,probe0,0.08670943230390549,0.11924536526203156,0.026252133771777153,0.015224019065499306,09c1414f1b,theta_base
1.4859697818756104,clean,0.27891314029693604,scannetpp,ALL,0.6884167194366455,probe0,0.730657160282135,2.061429738998413,0.45794880390167236,0.21988238394260406,09c1414f1b,theta_base
2.6221742630004883,m0,0.5232254266738892,scannetpp,lora_early,0.2955351173877716,probe0,7.760138034820557,2.678339958190918,1.0328119993209839,0.33251091837882996,09c1414f1b,theta_base
1.0384563207626343,m0,0.1984402984380722,scannetpp,lora_late,0.10790722072124481,probe0,2.220062017440796,1.0983264446258545,0.4201512038707733,0.13696442544460297,09c1414f1b,theta_base
0.16228482127189636,m0,0.031247295439243317,scannetpp,cam_token,0.011303938925266266,probe0,0.37098386883735657,0.1687433421611786,0.0640096664428711,0.0249165091663599,09c1414f1b,theta_base
2.8249824047088623,m0,0.5604639053344727,scannetpp,ALL,0.3148218095302582,probe0,8.079977989196777,2.8997068405151367,1.1168370246887207,0.36047691106796265,09c1414f1b,theta_base
1.4914186000823975,clean,0.09560839086771011,scannetpp,lora_early,0.160678893327713,probe1,18.70371437072754,2.897327423095703,0.980802595615387,0.07362953573465347,09c1414f1b,theta_base
0.6922415494918823,clean,0.042928487062454224,scannetpp,lora_late,0.057466767728328705,probe1,7.906144142150879,1.317745566368103,0.43952080607414246,0.02715696394443512,09c1414f1b,theta_base
0.08181661367416382,clean,0.0046949805691838264,scannetpp,cam_token,0.006967608351260424,probe1,0.8203592896461487,0.1594705730676651,0.0535595528781414,0.0038139051757752895,09c1414f1b,theta_base
1.6462751626968384,clean,0.10490882396697998,scannetpp,ALL,0.17078842222690582,probe1,20.32262420654297,3.1869094371795654,1.0761138200759888,0.07857070118188858,09c1414f1b,theta_base
4.865444660186768,m0,0.6102747917175293,scannetpp,lora_early,0.07983586192131042,probe1,118.98965454101562,5.356626987457275,2.3927290439605713,0.4803633987903595,09c1414f1b,theta_base
0.7205992341041565,m0,0.10827720165252686,scannetpp,lora_late,0.02720281295478344,probe1,16.834911346435547,0.8251326084136963,0.3471662700176239,0.06904656440019608,09c1414f1b,theta_base
0.12261122465133667,m0,0.016501352190971375,scannetpp,cam_token,0.0046202619560062885,probe1,3.0063843727111816,0.1351616531610489,0.060539305210113525,0.0122307650744915,09c1414f1b,theta_base
4.920045852661133,m0,0.6200254559516907,scannetpp,ALL,0.08446954935789108,probe1,120.21226501464844,5.421490669250488,2.418541193008423,0.48545441031455994,09c1414f1b,theta_base
1.307927131652832,clean,0.21595875918865204,scannetpp,lora_early,0.5259496569633484,probe0,0.7092613577842712,1.8945013284683228,0.4607531726360321,0.2263236790895462,09c1414f1b,theta_rel
0.7510671615600586,clean,0.11460577696561813,scannetpp,lora_late,0.25319185853004456,probe0,0.37432166934013367,1.1030206680297852,0.2652173936367035,0.11339811235666275,09c1414f1b,theta_rel
0.08617699891328812,clean,0.014404336921870708,scannetpp,cam_token,0.04489422217011452,probe0,0.0983184278011322,0.12774251401424408,0.03201299533247948,0.017786072567105293,09c1414f1b,theta_rel
1.5106958150863647,clean,0.24490845203399658,scannetpp,ALL,0.5854439735412598,probe0,0.8079819679260254,2.195930004119873,0.5325961112976074,0.2537674009799957,09c1414f1b,theta_rel
3.126768112182617,m0,0.5707600712776184,scannetpp,lora_early,0.2889033257961273,probe0,7.090404510498047,3.921593189239502,1.3265089988708496,0.3382992148399353,09c1414f1b,theta_rel
1.1498034000396729,m0,0.19460521638393402,scannetpp,lora_late,0.11005835235118866,probe0,2.8848791122436523,1.4118454456329346,0.49947890639305115,0.12909774482250214,09c1414f1b,theta_rel
0.23963049054145813,m0,0.033950094133615494,scannetpp,cam_token,0.014636403881013393,probe0,0.470127135515213,0.28906533122062683,0.10400077700614929,0.02933015301823616,09c1414f1b,theta_rel
3.3400821685791016,m0,0.6039791703224182,scannetpp,ALL,0.30950313806533813,probe0,7.669249057769775,4.178009033203125,1.4212393760681152,0.36328068375587463,09c1414f1b,theta_rel
1.5065726041793823,clean,0.0979313999414444,scannetpp,lora_early,0.1693384200334549,probe1,32.15534973144531,2.7080745697021484,1.0165252685546875,0.05923343449831009,09c1414f1b,theta_rel
0.5579208731651306,clean,0.04243317246437073,scannetpp,lora_late,0.05432402715086937,probe1,7.15137243270874,1.0869358777999878,0.3533347249031067,0.02517136186361313,09c1414f1b,theta_rel
0.07983662933111191,clean,0.0048780678771436214,scannetpp,cam_token,0.006945520173758268,probe1,1.216863989830017,0.1585310697555542,0.05278686806559563,0.0031392418313771486,09c1414f1b,theta_rel
1.6085429191589355,clean,0.10684067010879517,scannetpp,ALL,0.17797426879405975,probe1,32.96345520019531,2.9223670959472656,1.0774763822555542,0.0644364207983017,09c1414f1b,theta_rel
6.075760841369629,m0,0.8929742574691772,scannetpp,lora_early,0.10707657039165497,probe1,150.48858642578125,5.517883777618408,2.7148849964141846,0.691900372505188,09c1414f1b,theta_rel
0.9120299220085144,m0,0.15664641559123993,scannetpp,lora_late,0.03058919496834278,probe1,23.83681869506836,0.8207716345787048,0.39469099044799805,0.10211561620235443,09c1414f1b,theta_rel
0.15609991550445557,m0,0.026082586497068405,scannetpp,cam_token,0.004722687881439924,probe1,4.026633262634277,0.13876527547836304,0.06823669373989105,0.017850400879979134,09c1414f1b,theta_rel
6.145814418792725,m0,0.906984806060791,scannetpp,ALL,0.11146027594804764,probe1,152.4179229736328,5.580319404602051,2.7442736625671387,0.6996229887008667,09c1414f1b,theta_rel
0.0051247733645141125,clean,0.001259184442460537,scannetpp,lora_early,0.005207931622862816,probe0,0.00045494799269363284,0.0008783531375229359,0.00015191918646451086,0.0001968281576409936,1ada7a0617,theta0
0.0020482249092310667,clean,0.0005637936410494149,scannetpp,lora_late,0.0018495246767997742,probe0,0.0005998494452796876,0.0012682453962042928,0.00020430964650586247,0.00027979802689515054,1ada7a0617,theta0
0.0012760292738676071,clean,9.251686424249783e-05,scannetpp,cam_token,0.0012282658135518432,probe0,8.660163439344615e-05,0.00018225204257760197,3.236632255720906e-05,2.9141689083189704e-05,1ada7a0617,theta0
0.0056645190343260765,clean,0.0013827393995597959,scannetpp,ALL,0.005661442410200834,probe0,0.0007578237564302981,0.0015534369740635157,0.0002566504408605397,0.0003433329111430794,1ada7a0617,theta0
0.03137604147195816,m0,0.00213065673597157,scannetpp,lora_early,0.03159227594733238,probe0,0.0003954088897444308,0.005868257023394108,0.0007906004320830107,9.690142178442329e-05,1ada7a0617,theta0
0.005549606401473284,m0,0.001935220556333661,scannetpp,lora_late,0.004978029057383537,probe0,0.00042914043297059834,0.004200268536806107,0.0006857961998321116,0.00011469736637081951,1ada7a0617,theta0
0.004080506507307291,m0,0.0002633139374665916,scannetpp,cam_token,0.004005295690149069,probe0,9.314687486039475e-05,0.00057447754079476,0.00010793290857691318,2.068208050332032e-05,1ada7a0617,theta0
0.032123271375894547,m0,0.002890347968786955,scannetpp,ALL,0.0322318933904171,probe0,0.0005909196333959699,0.007239386439323425,0.0010521477088332176,0.00015156886365730315,1ada7a0617,theta0
0.007007164414972067,clean,0.0012874746462330222,scannetpp,lora_early,0.007062520366162062,probe1,0.00013246627349872142,0.0005669391830451787,0.000724220706615597,6.157839379739016e-05,1ada7a0617,theta0
0.004395967815071344,clean,0.002228670986369252,scannetpp,lora_late,0.0015662270598113537,probe1,0.0002676824515219778,0.0016121426597237587,0.0019591390155255795,0.0001482705702073872,1ada7a0617,theta0
0.0022093665320426226,clean,0.0002866096911020577,scannetpp,cam_token,0.002084702719002962,probe1,3.399596971576102e-05,0.00032500867382623255,0.00039359572110697627,1.8133059711544774e-05,1ada7a0617,theta0
0.008561903610825539,clean,0.0025897317100316286,scannetpp,ALL,0.007528495509177446,probe1,0.0003005943144671619,0.0017395558534190059,0.0021254736930131912,0.00016157001664396375,1ada7a0617,theta0
0.045110009610652924,m0,0.013126063160598278,scannetpp,lora_early,0.036537859588861465,probe1,0.002906846348196268,0.007679669186472893,0.003467452246695757,0.0005619581206701696,1ada7a0617,theta0
0.016928786411881447,m0,0.006056035868823528,scannetpp,lora_late,0.013491153717041016,probe1,0.0021705233957618475,0.007698657922446728,0.0027329798322170973,0.0003689655859488994,1ada7a0617,theta0
0.005252410192042589,m0,0.0008433455950580537,scannetpp,cam_token,0.0046039302833378315,probe1,0.0003540467005223036,0.0012353711063042283,0.000558441155590117,4.384159547043964e-05,1ada7a0617,theta0
0.048467352986335754,m0,0.014480342157185078,scannetpp,ALL,0.039220180362463,probe1,0.003645034506917,0.010944075882434845,0.004450197331607342,0.0006736873183399439,1ada7a0617,theta0
0.0120185362175107,clean,0.004106337670236826,scannetpp,lora_early,0.009298558346927166,probe0,0.002077985554933548,0.002704634563997388,0.0006114918505772948,0.0003139268374070525,1ada7a0617,theta_base
0.0034201384987682104,clean,0.0012203274527564645,scannetpp,lora_late,0.0025677562225610018,probe0,0.0009239026694558561,0.0016473520081490278,0.0003263838589191437,0.00021487446792889386,1ada7a0617,theta_base
0.0011872824979946017,clean,0.00020394808962009847,scannetpp,cam_token,0.001181520172394812,probe0,0.00013835064601153135,0.00024078077694866806,5.0700644351309165e-05,2.1276284314808436e-05,1ada7a0617,theta_base
0.012551980093121529,clean,0.00428868317976594,scannetpp,ALL,0.009718670509755611,probe0,0.002278324216604233,0.0031759708654135466,0.0006949958624318242,0.00038101678364910185,1ada7a0617,theta_base
0.03887275233864784,m0,0.0035823900252580643,scannetpp,lora_early,0.039293479174375534,probe0,0.0006629641284234822,0.005950849503278732,0.0007250896305777133,6.78614669595845e-05,1ada7a0617,theta_base
0.006200970616191626,m0,0.0019846970681101084,scannetpp,lora_late,0.005666197743266821,probe0,0.0004925190005451441,0.004419335629791021,0.000730633269995451,8.876946230884641e-05,1ada7a0617,theta_base
0.003949918318539858,m0,0.00025786299374885857,scannetpp,cam_token,0.003969933371990919,probe0,9.67324958764948e-05,0.0005532040377147496,0.0001056955152307637,1.5761861504870467e-05,1ada7a0617,theta_base
0.039561908692121506,m0,0.004103539045900106,scannetpp,ALL,0.039897918701171875,probe0,0.0008315368904732168,0.007432979065924883,0.0010347712086513638,0.00011284339416306466,1ada7a0617,theta_base
0.009102299809455872,clean,0.0011139035923406482,scannetpp,lora_early,0.00901110004633665,probe1,0.00021284552349243313,0.0003128476964775473,0.000449212035164237,5.180104562896304e-05,1ada7a0617,theta_base
0.0038085596170276403,clean,0.0021342842373996973,scannetpp,lora_late,0.0016724779270589352,probe1,0.00042581348679959774,0.0010935257887467742,0.0015870603965595365,0.00013520610809791833,1ada7a0617,theta_base
0.0022955965250730515,clean,0.0002746792742982507,scannetpp,cam_token,0.0021712882444262505,probe1,5.675350621459074e-05,0.00019765531760640442,0.00029561115661635995,1.917430381581653e-05,1ada7a0617,theta_base
0.010130486451089382,clean,0.0024230971466749907,scannetpp,ALL,0.009418683126568794,probe1,0.00047941767843440175,0.0011544435983523726,0.0016756902914494276,0.0001460537314414978,1ada7a0617,theta_base
0.04382890462875366,m0,0.01233904529362917,scannetpp,lora_early,0.03772927448153496,probe1,0.0025637957733124495,0.00858704000711441,0.004071418661624193,0.0005607386119663715,1ada7a0617,theta_base
0.017036225646734238,m0,0.007153130602091551,scannetpp,lora_late,0.014039517380297184,probe1,0.002279735403135419,0.00814181100577116,0.002997372066602111,0.000371275789802894,1ada7a0617,theta_base
0.004748634994029999,m0,0.0009353129426017404,scannetpp,cam_token,0.004158690571784973,probe1,0.0003427520568948239,0.0011980406707152724,0.0005683676572516561,4.183745477348566e-05,1ada7a0617,theta_base
0.04726262018084526,m0,0.014293150044977665,scannetpp,ALL,0.04047098755836487,probe1,0.0034478572197258472,0.011893765069544315,0.005087605677545071,0.0006738129304721951,1ada7a0617,theta_base
0.004325598478317261,clean,0.0003483029722701758,scannetpp,lora_early,0.0042798579670488834,probe0,0.00027482653968036175,0.0007210858166217804,0.0001076290791388601,4.9012240197043866e-05,1ada7a0617,theta_rel
0.0024964765179902315,clean,0.0006421227008104324,scannetpp,lora_late,0.002224409719929099,probe0,0.0011812832672148943,0.001778791774995625,0.00034317761310376227,0.00020001450320705771,1ada7a0617,theta_rel
0.0012137743178755045,clean,8.173470996553078e-05,scannetpp,cam_token,0.0011933314381167293,probe0,0.00015147415979299694,0.00021888538321945816,4.635882578440942e-05,1.6514473827555776e-05,1ada7a0617,theta_rel
0.0051396931521594524,clean,0.0007350626401603222,scannetpp,ALL,0.0049688252620399,probe0,0.0012222537770867348,0.0019318321719765663,0.00036263486254028976,0.00020659314759541303,1ada7a0617,theta_rel
0.03238983824849129,m0,0.005223934538662434,scannetpp,lora_early,0.03143784776329994,probe0,0.0007107671699486673,0.006205341313034296,0.001089491881430149,0.0001692601217655465,1ada7a0617,theta_rel
0.007241222076117992,m0,0.0022848930675536394,scannetpp,lora_late,0.006678273901343346,probe0,0.0005276766023598611,0.004944915417581797,0.0008749904809519649,9.525914356345311e-05,1ada7a0617,theta_rel
0.0039037230890244246,m0,0.0003126062511000782,scannetpp,cam_token,0.003946029581129551,probe0,8.591359801357612e-05,0.0006263040122576058,0.0001236960815731436,1.416933628206607e-05,1ada7a0617,theta_rel
0.0334182009100914,m0,0.005710337311029434,scannetpp,ALL,0.032380685210227966,probe0,0.000889389484655112,0.007959315553307533,0.001402819063514471,0.0001947410055436194,1ada7a0617,theta_rel
0.010974287055432796,clean,0.0014561344869434834,scannetpp,lora_early,0.011893320828676224,probe1,0.00046995680895633996,0.000569043040741235,0.0009471678058616817,8.810384315438569e-05,1ada7a0617,theta_rel
0.004686172120273113,clean,0.002391571644693613,scannetpp,lora_late,0.001972341677173972,probe1,0.0007912514847703278,0.0015738990623503923,0.002131842542439699,0.0001337500725639984,1ada7a0617,theta_rel
0.0022680938709527254,clean,0.0002780196664389223,scannetpp,cam_token,0.0022323033772408962,probe1,0.00010765922343125567,0.00025646472931839526,0.00038186192978173494,1.9053180949413218e-05,1ada7a0617,theta_rel
0.012146580964326859,clean,0.002813758561387658,scannetpp,ALL,0.012260684743523598,probe1,0.0009265682892873883,0.00169314572121948,0.0023638312704861164,0.0001612897904124111,1ada7a0617,theta_rel
0.05036036670207977,m0,0.011086645536124706,scannetpp,lora_early,0.04661673679947853,probe1,0.0030333981849253178,0.010102104395627975,0.00393662927672267,0.00039129555807448924,1ada7a0617,theta_rel
0.019906068220734596,m0,0.006163467187434435,scannetpp,lora_late,0.017808999866247177,probe1,0.002344614127650857,0.008830653503537178,0.0030668347608298063,0.0002687576343305409,1ada7a0617,theta_rel
0.004593666642904282,m0,0.0007635182118974626,scannetpp,cam_token,0.004347012843936682,probe1,0.0003129432734567672,0.0012822807766497135,0.0005331941065378487,3.1874162232270464e-05,1ada7a0617,theta_rel
0.054346296936273575,m0,0.012707674875855446,scannetpp,ALL,0.050091687589883804,probe1,0.0038466418627649546,0.013478768058121204,0.0050186472944915295,0.00047577181248925626,1ada7a0617,theta_rel
0.034630924463272095,clean,0.0012939847074449062,scannetpp,lora_early,0.026035144925117493,probe0,0.002133348723873496,0.029350608587265015,0.022698506712913513,0.002602778607979417,21d970d8de,theta0
0.016012020409107208,clean,0.0004931132425554097,scannetpp,lora_late,0.009665228426456451,probe0,0.0015955310082063079,0.009038455784320831,0.006977422628551722,0.000999519950710237,21d970d8de,theta0
0.0015397249953821301,clean,5.967860852251761e-05,scannetpp,cam_token,0.0016813739202916622,probe0,0.0002219730959041044,0.0012670564465224743,0.0009675250039435923,0.00010042481153504923,21d970d8de,theta0
0.038184501230716705,clean,0.0013860443141311407,scannetpp,ALL,0.027822157368063927,probe0,0.002673231763765216,0.030736904591321945,0.023766420781612396,0.0027899069245904684,21d970d8de,theta0
0.24927553534507751,m0,0.02561607025563717,scannetpp,lora_early,0.19896429777145386,probe0,0.02557668648660183,0.05174599587917328,0.04026195779442787,0.003385016229003668,21d970d8de,theta0
0.09171762317419052,m0,0.008974721655249596,scannetpp,lora_late,0.0737619549036026,probe0,0.00897376611828804,0.012738403864204884,0.011099496856331825,0.0012863092124462128,21d970d8de,theta0
0.012176841497421265,m0,0.0011904210550710559,scannetpp,cam_token,0.0097355293110013,probe0,0.0013625151477754116,0.0017078460659831762,0.0016060707857832313,0.00011769528646254912,21d970d8de,theta0
0.26589226722717285,m0,0.027168838307261467,scannetpp,ALL,0.21242034435272217,probe0,0.027139486744999886,0.05331821367144585,0.041794776916503906,0.0036230895202606916,21d970d8de,theta0
0.029621511697769165,clean,9.720631351228803e-05,scannetpp,lora_early,0.026244642212986946,probe1,0.002382329199463129,0.006314095109701157,0.00717802532017231,0.00022424418420996517,21d970d8de,theta0
0.02121778018772602,clean,9.612846770323813e-05,scannetpp,lora_late,0.01621672697365284,probe1,0.0028797551058232784,0.006550092715770006,0.007606586441397667,0.0002813095925375819,21d970d8de,theta0
0.002320807194337249,clean,1.2752976545016281e-05,scannetpp,cam_token,0.0022390938829630613,probe1,0.00042765523539856076,0.000578418665099889,0.000635908858384937,2.7988278816337697e-05,21d970d8de,theta0
0.036510467529296875,clean,0.00013730399950873107,scannetpp,ALL,0.030931811779737473,probe1,0.0037618307396769524,0.009116253815591335,0.010478004813194275,0.00036083775921724737,21d970d8de,theta0
0.14785124361515045,m0,0.0007138725486584008,scannetpp,lora_early,0.14921842515468597,probe1,0.007206582929939032,0.010340778157114983,0.0072091915644705296,0.001841824036091566,21d970d8de,theta0
0.07624572515487671,m0,0.0003574709699023515,scannetpp,lora_late,0.07703252881765366,probe1,0.004505794495344162,0.0059715560637414455,0.003952842205762863,0.0010355440899729729,21d970d8de,theta0
0.011386111378669739,m0,4.6961438783910125e-05,scannetpp,cam_token,0.011684180237352848,probe1,0.000707364990375936,0.0012283967807888985,0.0006093937554396689,0.00016226008301600814,21d970d8de,theta0
0.1667424589395523,m0,0.0007997530046850443,scannetpp,ALL,0.1683349758386612,probe1,0.00852862186729908,0.012004171498119831,0.008244317024946213,0.00211919704452157,21d970d8de,theta0
0.0317290797829628,clean,0.0007652210770174861,scannetpp,lora_early,0.019230863079428673,probe0,0.0009961335454136133,0.01866353489458561,0.014395558275282383,0.0018311552703380585,21d970d8de,theta_base
0.01871456950902939,clean,0.0005020510288886726,scannetpp,lora_late,0.011851584538817406,probe0,0.0015638020122423768,0.011017942801117897,0.008424029685556889,0.0011021061800420284,21d970d8de,theta_base
0.0013587912544608116,clean,4.5085562305757776e-05,scannetpp,cam_token,0.0011360712815076113,probe0,0.0001766482600942254,0.0008397218189202249,0.0006194543093442917,7.128560537239537e-05,21d970d8de,theta_base
0.036862123757600784,clean,0.0009163248469121754,scannetpp,ALL,0.022618062794208527,probe0,0.00186251534614712,0.021689346060156822,0.01669071801006794,0.002138422103598714,21d970d8de,theta_base
0.1260579228401184,m0,0.013810332864522934,scannetpp,lora_early,0.09859521687030792,probe0,0.009098113514482975,0.04110856354236603,0.030044658109545708,0.0038924929685890675,21d970d8de,theta_base
0.06158042326569557,m0,0.007296276744455099,scannetpp,lora_late,0.04693763330578804,probe0,0.004913237877190113,0.01104421354830265,0.009039604105055332,0.0017421592492610216,21d970d8de,theta_base
0.005933565087616444,m0,0.0007086359546519816,scannetpp,cam_token,0.004745359066873789,probe0,0.0006696348427794874,0.0011073841014876962,0.0009503895416855812,0.00015504652401432395,21d970d8de,theta_base
0.14042063057422638,m0,0.01563531532883644,scannetpp,ALL,0.10930085927248001,probe0,0.010361659340560436,0.04258068650960922,0.031389474868774414,0.004267395008355379,21d970d8de,theta_base
0.02617148496210575,clean,8.294436702271923e-05,scannetpp,lora_early,0.02467365376651287,probe1,0.002329199342057109,0.0057763303630054,0.0061387536115944386,0.00025280111003667116,21d970d8de,theta_base
0.0236203595995903,clean,0.00010537442722124979,scannetpp,lora_late,0.019170193001627922,probe1,0.0035850105341523886,0.007608053274452686,0.008567800745368004,0.00035163116990588605,21d970d8de,theta_base
0.002165447222068906,clean,1.1677894690365065e-05,scannetpp,cam_token,0.0019566635601222515,probe1,0.00048358368803747,0.0005522134597413242,0.0005763331428170204,3.007026680279523e-05,21d970d8de,theta_base
0.03532077744603157,clean,0.00013461022172123194,scannetpp,ALL,0.03130677342414856,probe1,0.004302478861063719,0.009568355046212673,0.01055574044585228,0.0004341164603829384,21d970d8de,theta_base
0.15328297019004822,m0,0.00046763208229094744,scannetpp,lora_early,0.1501702517271042,probe1,0.006123699247837067,0.007818566635251045,0.0050167543813586235,0.0021606087684631348,21d970d8de,theta_base
0.09230787307024002,m0,0.00027048555784858763,scannetpp,lora_late,0.09043483436107635,probe1,0.004540958907455206,0.005612718872725964,0.0035450176801532507,0.001433406607247889,21d970d8de,theta_base
0.00820339284837246,m0,2.7472400688566267e-05,scannetpp,cam_token,0.008006991818547249,probe1,0.00044979091035202146,0.00045930405030958354,0.0002624763292260468,0.00015312003961298615,21d970d8de,theta_base
0.1791192591190338,m0,0.0005409223376773298,scannetpp,ALL,0.17548127472400665,probe1,0.007636904716491699,0.00963553600013256,0.006148485001176596,0.002597369719296694,21d970d8de,theta_base
0.03167301043868065,clean,0.0014025631826370955,scannetpp,lora_early,0.022498533129692078,probe0,0.0034835238475352526,0.025724053382873535,0.018533606082201004,0.002362679922953248,21d970d8de,theta_rel
0.018097247928380966,clean,0.0007231070194393396,scannetpp,lora_late,0.01184225082397461,probe0,0.0035825788509100676,0.011214849539101124,0.008048676885664463,0.0011614427203312516,21d970d8de,theta_rel
0.0014831407461315393,clean,7.535837357863784e-05,scannetpp,cam_token,0.0011315973242744803,probe0,0.00042873845086432993,0.0009417948313057423,0.0006626378744840622,8.952707867138088e-05,21d970d8de,theta_rel
0.03650876134634018,clean,0.0015797930536791682,scannetpp,ALL,0.02545001730322838,probe0,0.005015339236706495,0.028078224509954453,0.020216697826981544,0.0026342400815337896,21d970d8de,theta_rel
0.19376255571842194,m0,0.01920217275619507,scannetpp,lora_early,0.17325563728809357,probe0,0.008587499149143696,0.08318343758583069,0.05629517883062363,0.005818122997879982,21d970d8de,theta_rel
0.09470349550247192,m0,0.009262518025934696,scannetpp,lora_late,0.08551846444606781,probe0,0.004288481082767248,0.014501065015792847,0.010735124349594116,0.002345592714846134,21d970d8de,theta_rel
0.008742202073335648,m0,0.0009574884898029268,scannetpp,cam_token,0.007988004945218563,probe0,0.0006743259727954865,0.0018976296996697783,0.001365784672088921,0.00022657903900835663,21d970d8de,theta_rel
0.21584509313106537,m0,0.021340910345315933,scannetpp,ALL,0.19337718188762665,probe0,0.009622418321669102,0.08445925265550613,0.05732587352395058,0.006277236621826887,21d970d8de,theta_rel
0.04683484137058258,clean,0.00033539021387696266,scannetpp,lora_early,0.029572172090411186,probe1,0.008762847632169724,0.018921038135886192,0.020430823788046837,0.0003157903556711972,21d970d8de,theta_rel
0.03462998941540718,clean,0.00023259127920027822,scannetpp,lora_late,0.022251660004258156,probe1,0.006947046145796776,0.012844654731452465,0.013936543837189674,0.0003446312330197543,21d970d8de,theta_rel
0.0034839753061532974,clean,3.464999463176355e-05,scannetpp,cam_token,0.0019733000081032515,probe1,0.0010312410304322839,0.0016142289387062192,0.0017199903959408402,3.650054713943973e-05,21d970d8de,theta_rel
0.05835132300853729,clean,0.00040961679769679904,scannetpp,ALL,0.03706134855747223,probe1,0.011229977943003178,0.02292589284479618,0.024791210889816284,0.0004688566259574145,21d970d8de,theta_rel
0.21581237018108368,m0,0.0006754628266207874,scannetpp,lora_early,0.2205958366394043,probe1,0.008343682624399662,0.010120355524122715,0.008855660445988178,0.0023926356807351112,21d970d8de,theta_rel
0.1263292282819748,m0,0.0004608742892742157,scannetpp,lora_late,0.12773500382900238,probe1,0.007085321005433798,0.006893628276884556,0.005063208285719156,0.0016714864177629352,21d970d8de,theta_rel
0.01194615475833416,m0,4.910165807814337e-05,scannetpp,cam_token,0.011967327445745468,probe1,0.0008997367112897336,0.0006364437867887318,0.0003865785547532141,0.0001920012873597443,21d970d8de,theta_rel
0.25035327672958374,m0,0.0008191862725652754,scannetpp,ALL,0.25519007444381714,probe1,0.01098309364169836,0.012261679396033287,0.010208243504166603,0.0029249677900224924,21d970d8de,theta_rel
0.003955906722694635,clean,8.97063291631639e-05,scannetpp,lora_early,0.0038790428079664707,probe0,0.0006475896225310862,0.0007787957438267767,0.00027967465575784445,3.021579686901532e-05,7bc286c1b6,theta0
0.0021223200019448996,clean,0.00021052673400845379,scannetpp,lora_late,0.0017846020637080073,probe0,0.0009304230334237218,0.0014269131934270263,0.0004809078818652779,4.567909854813479e-05,7bc286c1b6,theta0
0.001440044492483139,clean,2.522730574128218e-05,scannetpp,cam_token,0.0014507528394460678,probe0,7.878290489315987e-05,8.800953219179064e-05,2.2989092030911706e-05,3.74097544408869e-06,7bc286c1b6,theta0
0.004714570008218288,clean,0.0002302284847246483,scannetpp,ALL,0.00450959661975503,probe0,0.0011363389203324914,0.0016279894625768065,0.0005567932967096567,5.489598333952017e-05,7bc286c1b6,theta0
0.021631067618727684,m0,0.0002849634038284421,scannetpp,lora_early,0.021630646660923958,probe0,0.010183342732489109,0.004805678501725197,0.0005626623751595616,0.0002325632522115484,7bc286c1b6,theta0
0.006605972070246935,m0,0.0002275039441883564,scannetpp,lora_late,0.006605234462767839,probe0,0.004065966699272394,0.003437843406572938,0.00043952837586402893,0.00012681544467341155,7bc286c1b6,theta0
0.004830800928175449,m0,3.112321792286821e-05,scannetpp,cam_token,0.0048616318963468075,probe0,0.0006469846121035516,0.0003564531507436186,3.41932027367875e-05,1.7389969798387028e-05,7bc286c1b6,theta0
0.023127442225813866,m0,0.0003659656213130802,scannetpp,ALL,0.023133298382163048,probe0,0.010984132066369057,0.0059194909408688545,0.0007148029981181026,0.0002654622949194163,7bc286c1b6,theta0
0.006642631720751524,clean,0.000582661188673228,scannetpp,lora_early,0.007128656376153231,probe1,0.0015770815080031753,0.003018567804247141,0.0011901368852704763,0.0008236208232119679,7bc286c1b6,theta0
0.0028513416182249784,clean,0.00044476144830696285,scannetpp,lora_late,0.00256849336437881,probe1,0.0025228324811905622,0.0011033252812922,0.0007925837417133152,0.0002791220904327929,7bc286c1b6,theta0
0.0023211734369397163,clean,5.349656566977501e-05,scannetpp,cam_token,0.0023189845960587263,probe1,0.0003940990718547255,0.00011645786435110494,6.944067717995495e-05,4.041249485453591e-05,7bc286c1b6,theta0
0.007592269219458103,clean,0.0007349617080762982,scannetpp,ALL,0.007924176752567291,probe1,0.0030011970084160566,0.0032159974798560143,0.0014315855223685503,0.0008705708314664662,7bc286c1b6,theta0
0.020361419767141342,m0,0.0003413259983062744,scannetpp,lora_early,0.01949305459856987,probe1,0.007816260680556297,0.00404061796143651,0.004510891158133745,0.0005142018781043589,7bc286c1b6,theta0
0.008665583096444607,m0,0.00025519775226712227,scannetpp,lora_late,0.006886431016027927,probe1,0.007062220945954323,0.002198813483119011,0.0034984885714948177,0.0003235175972804427,7bc286c1b6,theta0
0.005297001916915178,m0,3.193274824297987e-05,scannetpp,cam_token,0.005035418551415205,probe1,0.0009854959789663553,0.00028505382942967117,0.00035444970126263797,4.4770924432668835e-05,7bc286c1b6,theta0
0.02275385707616806,m0,0.0004273745871614665,scannetpp,ALL,0.021278100088238716,probe1,0.010580174624919891,0.0046089724637568,0.0057195452973246574,0.0006091565010137856,7bc286c1b6,theta0
0.013460597954690456,clean,0.00014784881204832345,scannetpp,lora_early,0.013364630751311779,probe0,0.0010450464906170964,0.0010333301033824682,0.0009104874334298074,2.2265894585871138e-05,7bc286c1b6,theta_base
0.0040952423587441444,clean,0.00042660883627831936,scannetpp,lora_late,0.0034997344482690096,probe0,0.0013131037121638656,0.001981911016628146,0.0016189012676477432,4.0828974306350574e-05,7bc286c1b6,theta_base
0.0006054492550902069,clean,3.799919431912713e-05,scannetpp,cam_token,0.0006067699287086725,probe0,6.701023085042834e-05,8.490648178849369e-05,5.54543876205571e-05,2.01812122213596e-06,7bc286c1b6,theta_base
0.014082800596952438,clean,0.00045309856068342924,scannetpp,ALL,0.013828582130372524,probe0,0.0016795399133116007,0.0022367280907928944,0.0018581991316750646,4.6549415856134146e-05,7bc286c1b6,theta_base
0.07233642041683197,m0,0.00021333688346203417,scannetpp,lora_early,0.03209851682186127,probe0,0.02244989573955536,0.025106487795710564,0.0294326301664114,0.0012394748628139496,7bc286c1b6,theta_base
0.013485664501786232,m0,9.377994865644723e-05,scannetpp,lora_late,0.008177368901669979,probe0,0.006669042631983757,0.0059701232239604,0.006198407616466284,0.00023705343483015895,7bc286c1b6,theta_base
0.002221491187810898,m0,9.171870260615833e-06,scannetpp,cam_token,0.00196320959366858,probe0,0.0006811454659327865,0.0005994319217279553,0.0005963051808066666,2.5625342459534295e-05,7bc286c1b6,theta_base
0.07361627370119095,m0,0.00023321970365941525,scannetpp,ALL,0.033181898295879364,probe0,0.023429425433278084,0.02581351436674595,0.030084140598773956,0.0012622000649571419,7bc286c1b6,theta_base
0.013075923547148705,clean,0.0003696677158586681,scannetpp,lora_early,0.012165647931396961,probe1,0.0009758572559803724,0.002633624477311969,0.002210737206041813,0.0007827379158698022,7bc286c1b6,theta_base
0.004737572744488716,clean,0.0004245540185365826,scannetpp,lora_late,0.003978702239692211,probe1,0.002141268691048026,0.0012667137198150158,0.001596910646185279,0.0003232847957406193,7bc286c1b6,theta_base
0.001242549391463399,clean,3.850855864584446e-05,scannetpp,cam_token,0.0012022519949823618,probe1,0.00022652119514532387,9.701132512418553e-05,0.00011587633343879133,3.4565298847155645e-05,7bc286c1b6,theta_base
0.013963105157017708,clean,0.0005642545875161886,scannetpp,ALL,0.012856067158281803,probe1,0.0023640308063477278,0.0029240301810204983,0.002729635452851653,0.0008475768263451755,7bc286c1b6,theta_base
0.02709403820335865,m0,0.00041184292058460414,scannetpp,lora_early,0.025465255603194237,probe1,0.008471940644085407,0.0045743677765131,0.004036654252558947,0.00044142466504126787,7bc286c1b6,theta_base
0.008039345033466816,m0,0.00037141077336855233,scannetpp,lora_late,0.0066100601106882095,probe1,0.007031147368252277,0.003334279404953122,0.0029384074732661247,0.0002986496838275343,7bc286c1b6,theta_base
0.002235792577266693,m0,3.2419979106634855e-05,scannetpp,cam_token,0.00213949684984982,probe1,0.0006765567231923342,0.00023712386609986424,0.0002048013120656833,2.57595438597491e-05,7bc286c1b6,theta_base
0.028349898755550385,m0,0.0005555282114073634,scannetpp,ALL,0.0263960137963295,probe1,0.011030346155166626,0.005665552336722612,0.004997074604034424,0.0005335831083357334,7bc286c1b6,theta_base
0.012803381308913231,clean,0.0001439978223061189,scannetpp,lora_early,0.012919205240905285,probe0,0.0009830946801230311,0.0006520198658108711,0.0008629674557596445,2.6456755222170614e-05,7bc286c1b6,theta_rel
0.003946964628994465,clean,0.0004001881170552224,scannetpp,lora_late,0.0034211857710033655,probe0,0.001358240726403892,0.0010942696826532483,0.001550913555547595,4.676781463786028e-05,7bc286c1b6,theta_rel
0.0005650940584018826,clean,3.5208162444178015e-05,scannetpp,cam_token,0.0005588635103777051,probe0,9.178363688988611e-05,4.6241922973422334e-05,5.250345930107869e-05,3.041973059225711e-06,7bc286c1b6,theta_rel
0.013409863226115704,clean,0.00042676166049204767,scannetpp,ALL,0.013376199640333652,probe0,0.001679201377555728,0.001274634967558086,0.0017756132874637842,5.3818603191757575e-05,7bc286c1b6,theta_rel
0.046690430492162704,m0,0.0012002023868262768,scannetpp,lora_early,0.03090200014412403,probe0,0.017013069242239,0.014131365343928337,0.01490857545286417,0.0005871403263881803,7bc286c1b6,theta_rel
0.009665350429713726,m0,0.0005788062117062509,scannetpp,lora_late,0.007609985768795013,probe0,0.007597730029374361,0.0038004969246685505,0.0034340519923716784,0.00013389588275458664,7bc286c1b6,theta_rel
0.002166018821299076,m0,5.5118889576988295e-05,scannetpp,cam_token,0.0021219183690845966,probe0,0.0007005067891441286,0.00036782067036256194,0.000322845735354349,1.3810496966470964e-05,7bc286c1b6,theta_rel
0.04772951826453209,m0,0.0013336193514987826,scannetpp,ALL,0.031895894557237625,probe0,0.01864566281437874,0.014638119377195835,0.015302371233701706,0.0006023725145496428,7bc286c1b6,theta_rel
0.0105215385556221,clean,0.0002577135746832937,scannetpp,lora_early,0.010203292593359947,probe1,0.0010929253185167909,0.0005570903304032981,0.0008375782053917646,0.00023069536837283522,7bc286c1b6,theta_rel
0.00468110665678978,clean,0.000475677486974746,scannetpp,lora_late,0.003982553258538246,probe1,0.002830146811902523,0.0009445807663723826,0.0015297859208658338,0.00028049550019204617,7bc286c1b6,theta_rel
0.0012354734353721142,clean,4.127220017835498e-05,scannetpp,cam_token,0.0012494781985878944,probe1,0.0003272538597229868,6.0352656873874366e-05,0.00010052761354018003,2.6671679734135978e-05,7bc286c1b6,theta_rel
0.011581964790821075,clean,0.0005425760173238814,scannetpp,ALL,0.011024024337530136,probe1,0.0030514441896229982,0.0010982826352119446,0.0017469653394073248,0.0003641557996161282,7bc286c1b6,theta_rel
0.025321271270513535,m0,0.0006640218780376017,scannetpp,lora_early,0.024085160344839096,probe1,0.007922105491161346,0.0056107197888195515,0.0038624312728643417,0.0004374723939690739,7bc286c1b6,theta_rel
0.009006636217236519,m0,0.0006652463343925774,scannetpp,lora_late,0.006941438652575016,probe1,0.008206047117710114,0.004156787414103746,0.0036603796761482954,0.00033644476206973195,7bc286c1b6,theta_rel
0.002685423707589507,m0,6.011363075231202e-05,scannetpp,cam_token,0.0025189106818288565,probe1,0.0008500338299199939,0.0002947424945887178,0.0002466985897626728,2.7567568395170383e-05,7bc286c1b6,theta_rel
0.02700921520590782,m0,0.0009418552508577704,scannetpp,ALL,0.025191733613610268,probe1,0.011437724344432354,0.006988986395299435,0.005327064543962479,0.0005525731830857694,7bc286c1b6,theta_rel
0.2940060794353485,clean,0.01223045028746128,scannetpp,lora_early,0.09188559651374817,probe0,0.008451648987829685,0.09162919968366623,0.1486814022064209,0.000373782153474167,9071e139d9,theta0
0.0695442333817482,clean,0.00462252227589488,scannetpp,lora_late,0.04142029955983162,probe0,0.004013545345515013,0.024616070091724396,0.03293439745903015,0.00012530383537523448,9071e139d9,theta0
0.013244143687188625,clean,0.0006943577318452299,scannetpp,cam_token,0.006250774022191763,probe0,0.000534273567609489,0.004264195915311575,0.00638846680521965,1.7307720554526895e-05,9071e139d9,theta0
0.302409291267395,clean,0.013093271292746067,scannetpp,ALL,0.10098354518413544,probe0,0.009371466003358364,0.09497392177581787,0.1524192988872528,0.0003946057695429772,9071e139d9,theta0
0.21743929386138916,m0,0.0033986258786171675,scannetpp,lora_early,0.04072173312306404,probe0,0.008572511374950409,0.11250900477170944,0.14706557989120483,0.0003915202687494457,9071e139d9,theta0
0.12453335523605347,m0,0.002159526338800788,scannetpp,lora_late,0.014479899778962135,probe0,0.00865765381604433,0.06576579064130783,0.08295648545026779,0.00021435783128254116,9071e139d9,theta0
0.015920890495181084,m0,0.00034000410232692957,scannetpp,cam_token,0.005024835467338562,probe0,0.0011185755720362067,0.009406838566064835,0.011784374713897705,3.4112221328541636e-05,9071e139d9,theta0
0.2510814368724823,m0,0.0040410165674984455,scannetpp,ALL,0.043510641902685165,probe0,0.01223495602607727,0.13065949082374573,0.1692599654197693,0.0004476617614272982,9071e139d9,theta0
0.00999304186552763,clean,0.000743175158277154,scannetpp,lora_early,0.009831979870796204,probe1,0.0001962192473001778,0.00015716692723799497,0.0001079968351405114,0.0004083467065356672,9071e139d9,theta0
0.002057646634057164,clean,0.0009283161489292979,scannetpp,lora_late,0.001891467021778226,probe1,0.0004444161895662546,0.0002727799874264747,0.0001992885663639754,0.0005122688016854227,9071e139d9,theta0
0.0010967947309836745,clean,0.00010226502490695566,scannetpp,cam_token,0.0010655606165528297,probe1,4.0399576391791925e-05,3.211440343875438e-05,2.2485215595224872e-05,3.532606206135824e-05,9071e139d9,theta0
0.010261469520628452,clean,0.001193540170788765,scannetpp,ALL,0.010068808682262897,probe1,0.00048748322296887636,0.00031645174021832645,0.00022778242419008166,0.0006560596521012485,9071e139d9,theta0
0.019359897822141647,m0,0.0002728849067352712,scannetpp,lora_early,0.019157206639647484,probe1,0.001193289295770228,0.0008955912780947983,0.0003169073606841266,0.0008560615824535489,9071e139d9,theta0
0.005427354481071234,m0,0.0002453773922752589,scannetpp,lora_late,0.0051302011124789715,probe1,0.00162212154828012,0.0011341666104272008,0.00035582855343818665,0.0006680313381366432,9071e139d9,theta0
0.004960905760526657,m0,3.064828342758119e-05,scannetpp,cam_token,0.004916418809443712,probe1,0.0001608763705007732,0.00011489146709209308,4.5176217099651694e-05,5.400568988989107e-05,9071e139d9,theta0
0.020709235221147537,m0,0.0003682601673062891,scannetpp,ALL,0.02043253928422928,probe1,0.002020173007622361,0.0014496957883238792,0.0004786284116562456,0.0010872092097997665,9071e139d9,theta0
0.10401814430952072,clean,0.009096741676330566,scannetpp,lora_early,0.0529034398496151,probe0,0.005474767182022333,0.03931291028857231,0.04997023195028305,0.0002725738740991801,9071e139d9,theta_base
0.06781898438930511,clean,0.004262757953256369,scannetpp,lora_late,0.03865217790007591,probe0,0.003599518444389105,0.02155952900648117,0.028602438047528267,0.0001181174156954512,9071e139d9,theta_base
0.006578017491847277,clean,0.000505214324221015,scannetpp,cam_token,0.003259326098486781,probe0,0.0003467826172709465,0.002043241634964943,0.002688090316951275,1.139030518970685e-05,9071e139d9,theta_base
0.12434813380241394,clean,0.010058681480586529,scannetpp,ALL,0.0656002089381218,probe0,0.006561239715665579,0.04488310217857361,0.05763982608914375,0.000297284364933148,9071e139d9,theta_base
0.35208752751350403,m0,0.005087059922516346,scannetpp,lora_early,0.042734064161777496,probe0,0.012825153768062592,0.1589532494544983,0.2331993728876114,0.00061702640959993,9071e139d9,theta_base
0.15134422481060028,m0,0.002543521346524358,scannetpp,lora_late,0.01934492401778698,probe0,0.009646129794418812,0.07328600436449051,0.09873408824205399,0.00026349423569627106,9071e139d9,theta_base
0.019435549154877663,m0,0.0004060039354953915,scannetpp,cam_token,0.004096158780157566,probe0,0.0011178331915289164,0.00977377314120531,0.013675120659172535,3.8757469155825675e-05,9071e139d9,theta_base
0.3837296664714813,m0,0.005701975431293249,scannetpp,ALL,0.047087203711271286,probe0,0.016086701303720474,0.17530688643455505,0.25360870361328125,0.00067205133382231,9071e139d9,theta_base
0.010083071887493134,clean,0.0006399992853403091,scannetpp,lora_early,0.010163812898099422,probe1,8.077425445662811e-05,0.00015551502292510122,8.27210460556671e-05,0.0004213947104290128,9071e139d9,theta_base
0.002528284676373005,clean,0.0008976267417892814,scannetpp,lora_late,0.0023845843970775604,probe1,0.00023892484023235738,0.0003378978290129453,0.00017949055472854525,0.0005620854790322483,9071e139d9,theta_base
0.000904143787920475,clean,9.170660632662475e-05,scannetpp,cam_token,0.0009081676253117621,probe1,2.8579093850567006e-05,3.656585977296345e-05,1.779524791345466e-05,3.6373476177686825e-05,9071e139d9,theta_base
0.010434463620185852,clean,0.0011062291450798512,scannetpp,ALL,0.010479222051799297,probe1,0.0002538234111852944,0.00037376052932813764,0.00019843461632262915,0.0007034462760202587,9071e139d9,theta_base
0.03210188075900078,m0,7.647266465937719e-05,scannetpp,lora_early,0.03184821456670761,probe1,0.0011131896171718836,0.0008539090631529689,0.00033371461904607713,0.0009479271830059588,9071e139d9,theta_base
0.006668166723102331,m0,6.941172614460811e-05,scannetpp,lora_late,0.006373601965606213,probe1,0.0015403878642246127,0.0009892185917124152,0.0003387965844012797,0.0006858911365270615,9071e139d9,theta_base
0.004037150647491217,m0,7.80679147283081e-06,scannetpp,cam_token,0.004013377707451582,probe1,0.0001565579150337726,9.092065010918304e-05,3.943658521166071e-05,4.643635475076735e-05,9071e139d9,theta_base
0.033034734427928925,m0,0.00010357124119764194,scannetpp,ALL,0.03272673115134239,probe1,0.0019069599220529199,0.0013099544448778033,0.0004771831736434251,0.0011709692189469934,9071e139d9,theta_base
0.16662177443504333,clean,0.010023551061749458,scannetpp,lora_early,0.07569947093725204,probe0,0.006376872770488262,0.04199736565351486,0.06958015263080597,0.00043055065907537937,9071e139d9,theta_rel
0.07201409339904785,clean,0.004532008897513151,scannetpp,lora_late,0.041063107550144196,probe0,0.0033133907709270716,0.02150247059762478,0.029207870364189148,0.00012546643847599626,9071e139d9,theta_rel
0.008445792831480503,clean,0.0005596763803623617,scannetpp,cam_token,0.004028442315757275,probe0,0.0003681129892356694,0.0022754634264856577,0.0033969879150390625,1.6835008864291012e-05,9071e139d9,theta_rel
0.18171454966068268,clean,0.011014713905751705,scannetpp,ALL,0.08621378988027573,probe0,0.007195732556283474,0.04723677411675453,0.07553831487894058,0.00044877512846142054,9071e139d9,theta_rel
0.3836129307746887,m0,0.010449289344251156,scannetpp,lora_early,0.04125327989459038,probe0,0.02194574661552906,0.2372034341096878,0.26553454995155334,0.0007449989789165556,9071e139d9,theta_rel
0.1593206524848938,m0,0.002935358788818121,scannetpp,lora_late,0.01613708771765232,probe0,0.010374545119702816,0.09294841438531876,0.1075468361377716,0.00029198662377893925,9071e139d9,theta_rel
0.01783708482980728,m0,0.0006148522370494902,scannetpp,cam_token,0.003884992329403758,probe0,0.0016301844734698534,0.010558956302702427,0.012187393382191658,3.560374170774594e-05,9071e139d9,theta_rel
0.4157644808292389,m0,0.010871155187487602,scannetpp,ALL,0.044467199593782425,probe0,0.024329086765646935,0.2549830973148346,0.2867463231086731,0.0008009664015844464,9071e139d9,theta_rel
0.009948018938302994,clean,0.0004906529793515801,scannetpp,lora_early,0.009987283498048782,probe1,0.00028860705788247287,0.00014426212874241173,4.794530832441524e-05,0.00040175774483941495,9071e139d9,theta_rel
0.002464217133820057,clean,0.0007696963148191571,scannetpp,lora_late,0.002341892570257187,probe1,0.000609257840551436,0.00026979847461916506,9.567486267769709e-05,0.0005752775468863547,9071e139d9,theta_rel
0.0009578499011695385,clean,7.811544492142275e-05,scannetpp,cam_token,0.0009652322041802108,probe1,7.437523163389415e-05,4.1001432691700757e-05,1.169908409792697e-05,3.7321671698009595e-05,9071e139d9,theta_rel
0.010293343104422092,clean,0.0009161194320768118,scannetpp,ALL,0.010303492657840252,probe1,0.0006782483542338014,0.0003086809010710567,0.00010765361366793513,0.0007026708917692304,9071e139d9,theta_rel
0.027561547234654427,m0,0.0001574865309521556,scannetpp,lora_early,0.027373045682907104,probe1,0.0008815757464617491,0.0007137501379474998,0.00021742524404544383,0.0008736340096220374,9071e139d9,theta_rel
0.006534471642225981,m0,0.00015607700333930552,scannetpp,lora_late,0.006308955606073141,probe1,0.0016095415921881795,0.0009719058871269226,0.00023442695965059102,0.0006810915656387806,9071e139d9,theta_rel
0.0043868375942111015,m0,1.679548222455196e-05,scannetpp,cam_token,0.0043695284985005856,probe1,0.00016713410150259733,9.542367479298264e-05,2.6088991944561712e-05,4.7295368858613074e-05,9071e139d9,theta_rel
0.028663260862231255,m0,0.0002223603514721617,scannetpp,ALL,0.028428494930267334,probe1,0.001842751633375883,0.0012096057180315256,0.0003207964764442295,0.0011087646707892418,9071e139d9,theta_rel
